Entity,Code,Year,Share of children fully vaccinated against measles
Afghanistan,AFG,2004,2
Afghanistan,AFG,2005,9
Afghanistan,AFG,2006,18
Afghanistan,AFG,2007,4
Afghanistan,AFG,2008,23
Afghanistan,AFG,2009,24
Afghanistan,AFG,2010,29
Afghanistan,AFG,2011,31
Afghanistan,AFG,2012,33
Afghanistan,AFG,2013,38
Afghanistan,AFG,2014,44
Afghanistan,AFG,2015,42
Afghanistan,AFG,2016,40
Afghanistan,AFG,2017,38
Afghanistan,AFG,2018,46
Afghanistan,AFG,2019,37
Afghanistan,AFG,2020,38
Afghanistan,AFG,2021,37
Afghanistan,AFG,2022,42
Afghanistan,AFG,2023,42
Afghanistan,AFG,2024,44
Africa (WHO),,2000,5
Africa (WHO),,2001,5
Africa (WHO),,2002,5
Africa (WHO),,2003,5
Africa (WHO),,2004,4
Africa (WHO),,2005,4
Africa (WHO),,2006,4
Africa (WHO),,2007,4
Africa (WHO),,2008,4
Africa (WHO),,2009,5
Africa (WHO),,2010,4
Africa (WHO),,2011,4
Africa (WHO),,2012,6
Africa (WHO),,2013,7
Africa (WHO),,2014,10
Africa (WHO),,2015,17
Africa (WHO),,2016,22
Africa (WHO),,2017,24
Africa (WHO),,2018,25
Africa (WHO),,2019,32
Africa (WHO),,2020,39
Africa (WHO),,2021,39
Africa (WHO),,2022,43
Africa (WHO),,2023,48
Africa (WHO),,2024,55
Albania,ALB,2001,90
Albania,ALB,2002,93
Albania,ALB,2003,93
Albania,ALB,2004,96
Albania,ALB,2005,97
Albania,ALB,2006,94
Albania,ALB,2007,95
Albania,ALB,2008,98
Albania,ALB,2009,98
Albania,ALB,2010,98
Albania,ALB,2011,99
Albania,ALB,2012,99
Albania,ALB,2013,99
Albania,ALB,2014,98
Albania,ALB,2015,98
Albania,ALB,2016,98
Albania,ALB,2017,98
Albania,ALB,2018,96
Albania,ALB,2019,96
Albania,ALB,2020,94
Albania,ALB,2021,92
Albania,ALB,2022,93
Albania,ALB,2023,93
Albania,ALB,2024,92
Algeria,DZA,2000,78
Algeria,DZA,2001,73
Algeria,DZA,2002,93
Algeria,DZA,2003,96
Algeria,DZA,2004,94
Algeria,DZA,2005,94
Algeria,DZA,2006,98
Algeria,DZA,2007,95
Algeria,DZA,2008,96
Algeria,DZA,2009,98
Algeria,DZA,2010,95
Algeria,DZA,2011,96
Algeria,DZA,2012,95
Algeria,DZA,2013,93
Algeria,DZA,2014,99
Algeria,DZA,2015,99
Algeria,DZA,2016,96
Algeria,DZA,2017,92
Algeria,DZA,2018,77
Algeria,DZA,2019,76
Algeria,DZA,2020,74
Algeria,DZA,2021,73
Algeria,DZA,2022,71
Algeria,DZA,2023,93
Algeria,DZA,2024,90
Americas (WHO),,2000,65
Americas (WHO),,2001,66
Americas (WHO),,2002,63
Americas (WHO),,2003,61
Americas (WHO),,2004,63
Americas (WHO),,2005,62
Americas (WHO),,2006,61
Americas (WHO),,2007,60
Americas (WHO),,2008,62
Americas (WHO),,2009,66
Americas (WHO),,2010,67
Americas (WHO),,2011,72
Americas (WHO),,2012,73
Americas (WHO),,2013,70
Americas (WHO),,2014,78
Americas (WHO),,2015,78
Americas (WHO),,2016,80
Americas (WHO),,2017,75
Americas (WHO),,2018,84
Americas (WHO),,2019,72
Americas (WHO),,2020,73
Americas (WHO),,2021,77
Americas (WHO),,2022,76
Americas (WHO),,2023,75
Americas (WHO),,2024,77
Andorra,AND,2007,80
Andorra,AND,2008,86
Andorra,AND,2009,82
Andorra,AND,2010,86
Andorra,AND,2011,82
Andorra,AND,2012,89
Andorra,AND,2013,91
Andorra,AND,2014,90
Andorra,AND,2015,88
Andorra,AND,2016,90
Andorra,AND,2017,94
Andorra,AND,2018,95
Andorra,AND,2019,97
Andorra,AND,2020,93
Andorra,AND,2021,97
Andorra,AND,2022,96
Andorra,AND,2023,96
Andorra,AND,2024,97
Angola,AGO,2015,17
Angola,AGO,2016,16
Angola,AGO,2017,21
Angola,AGO,2018,25
Angola,AGO,2019,41
Angola,AGO,2020,36
Angola,AGO,2021,29
Angola,AGO,2022,33
Angola,AGO,2023,43
Angola,AGO,2024,31
Antigua and Barbuda,ATG,2005,46
Antigua and Barbuda,ATG,2006,68
Antigua and Barbuda,ATG,2007,78
Antigua and Barbuda,ATG,2008,83
Antigua and Barbuda,ATG,2009,94
Antigua and Barbuda,ATG,2010,92
Antigua and Barbuda,ATG,2011,89
Antigua and Barbuda,ATG,2012,90
Antigua and Barbuda,ATG,2013,87
Antigua and Barbuda,ATG,2014,99
Antigua and Barbuda,ATG,2015,84
Antigua and Barbuda,ATG,2016,68
Antigua and Barbuda,ATG,2017,95
Antigua and Barbuda,ATG,2018,95
Antigua and Barbuda,ATG,2019,71
Antigua and Barbuda,ATG,2020,80
Antigua and Barbuda,ATG,2021,76
Antigua and Barbuda,ATG,2022,91
Antigua and Barbuda,ATG,2023,87
Antigua and Barbuda,ATG,2024,82
Argentina,ARG,2000,56
Argentina,ARG,2001,56
Argentina,ARG,2002,83
Argentina,ARG,2003,80
Argentina,ARG,2004,93
Argentina,ARG,2005,88
Argentina,ARG,2006,91
Argentina,ARG,2007,84
Argentina,ARG,2008,88
Argentina,ARG,2009,96
Argentina,ARG,2010,94
Argentina,ARG,2011,91
Argentina,ARG,2012,89
Argentina,ARG,2013,83
Argentina,ARG,2014,96
Argentina,ARG,2015,87
Argentina,ARG,2016,88
Argentina,ARG,2017,91
Argentina,ARG,2018,99
Argentina,ARG,2019,84
Argentina,ARG,2020,71
Argentina,ARG,2021,79
Argentina,ARG,2022,94
Argentina,ARG,2023,54
Argentina,ARG,2024,46
Armenia,ARM,2000,94
Armenia,ARM,2001,96
Armenia,ARM,2002,95
Armenia,ARM,2003,93
Armenia,ARM,2004,94
Armenia,ARM,2005,92
Armenia,ARM,2006,85
Armenia,ARM,2007,93
Armenia,ARM,2008,94
Armenia,ARM,2009,96
Armenia,ARM,2010,97
Armenia,ARM,2011,98
Armenia,ARM,2012,97
Armenia,ARM,2013,97
Armenia,ARM,2014,97
Armenia,ARM,2015,97
Armenia,ARM,2016,97
Armenia,ARM,2017,97
Armenia,ARM,2018,96
Armenia,ARM,2019,96
Armenia,ARM,2020,94
Armenia,ARM,2021,94
Armenia,ARM,2022,94
Armenia,ARM,2023,96
Armenia,ARM,2024,95
Australia,AUS,2004,85
Australia,AUS,2005,85
Australia,AUS,2006,87
Australia,AUS,2007,89
Australia,AUS,2008,80
Australia,AUS,2009,82
Australia,AUS,2010,88
Australia,AUS,2011,90
Australia,AUS,2012,91
Australia,AUS,2013,92
Australia,AUS,2014,93
Australia,AUS,2015,93
Australia,AUS,2016,94
Australia,AUS,2017,93
Australia,AUS,2018,93
Australia,AUS,2019,94
Australia,AUS,2020,94
Australia,AUS,2021,94
Australia,AUS,2022,91
Australia,AUS,2023,93
Australia,AUS,2024,92
Austria,AUT,2000,35
Austria,AUT,2001,34
Austria,AUT,2002,39
Austria,AUT,2003,46
Austria,AUT,2004,47
Austria,AUT,2005,54
Austria,AUT,2006,61
Austria,AUT,2007,56
Austria,AUT,2008,62
Austria,AUT,2009,64
Austria,AUT,2010,69
Austria,AUT,2011,73
Austria,AUT,2012,78
Austria,AUT,2013,82
Austria,AUT,2014,87
Austria,AUT,2015,88
Austria,AUT,2016,89
Austria,AUT,2017,84
Austria,AUT,2018,84
Austria,AUT,2019,89
Austria,AUT,2020,88
Austria,AUT,2021,97
Austria,AUT,2022,94
Austria,AUT,2023,81
Austria,AUT,2024,84
Azerbaijan,AZE,2001,65
Azerbaijan,AZE,2002,67
Azerbaijan,AZE,2003,66
Azerbaijan,AZE,2004,67
Azerbaijan,AZE,2005,67
Azerbaijan,AZE,2006,68
Azerbaijan,AZE,2007,75
Azerbaijan,AZE,2008,79
Azerbaijan,AZE,2009,83
Azerbaijan,AZE,2010,89
Azerbaijan,AZE,2011,92
Azerbaijan,AZE,2012,95
Azerbaijan,AZE,2013,95
Azerbaijan,AZE,2014,95
Azerbaijan,AZE,2015,95
Azerbaijan,AZE,2016,95
Azerbaijan,AZE,2017,94
Azerbaijan,AZE,2018,93
Azerbaijan,AZE,2019,94
Azerbaijan,AZE,2020,76
Azerbaijan,AZE,2021,82
Azerbaijan,AZE,2022,88
Azerbaijan,AZE,2023,88
Azerbaijan,AZE,2024,88
Bahamas,BHS,2004,95
Bahamas,BHS,2005,88
Bahamas,BHS,2006,88
Bahamas,BHS,2007,84
Bahamas,BHS,2008,80
Bahamas,BHS,2009,76
Bahamas,BHS,2010,78
Bahamas,BHS,2011,79
Bahamas,BHS,2012,73
Bahamas,BHS,2013,69
Bahamas,BHS,2014,72
Bahamas,BHS,2015,76
Bahamas,BHS,2016,74
Bahamas,BHS,2017,76
Bahamas,BHS,2018,69
Bahamas,BHS,2019,83
Bahamas,BHS,2020,83
Bahamas,BHS,2021,80
Bahamas,BHS,2022,65
Bahamas,BHS,2023,53
Bahamas,BHS,2024,60
Bahrain,BHR,2000,92
Bahrain,BHR,2001,99
Bahrain,BHR,2002,97
Bahrain,BHR,2003,99
Bahrain,BHR,2004,99
Bahrain,BHR,2005,99
Bahrain,BHR,2006,99
Bahrain,BHR,2007,99
Bahrain,BHR,2008,97
Bahrain,BHR,2009,99
Bahrain,BHR,2010,98
Bahrain,BHR,2011,96
Bahrain,BHR,2012,99
Bahrain,BHR,2013,99
Bahrain,BHR,2014,99
Bahrain,BHR,2015,99
Bahrain,BHR,2016,99
Bahrain,BHR,2017,99
Bahrain,BHR,2018,99
Bahrain,BHR,2019,99
Bahrain,BHR,2020,99
Bahrain,BHR,2021,99
Bahrain,BHR,2022,99
Bahrain,BHR,2023,99
Bahrain,BHR,2024,99
Bangladesh,BGD,2012,41
Bangladesh,BGD,2013,82
Bangladesh,BGD,2014,89
Bangladesh,BGD,2015,90
Bangladesh,BGD,2016,92
Bangladesh,BGD,2017,93
Bangladesh,BGD,2018,93
Bangladesh,BGD,2019,93
Bangladesh,BGD,2020,93
Bangladesh,BGD,2021,93
Bangladesh,BGD,2022,93
Bangladesh,BGD,2023,93
Bangladesh,BGD,2024,93
Barbados,BRB,2001,12
Barbados,BRB,2002,41
Barbados,BRB,2003,71
Barbados,BRB,2004,99
Barbados,BRB,2005,98
Barbados,BRB,2006,94
Barbados,BRB,2007,96
Barbados,BRB,2008,97
Barbados,BRB,2009,97
Barbados,BRB,2010,96
Barbados,BRB,2011,94
Barbados,BRB,2012,90
Barbados,BRB,2013,89
Barbados,BRB,2014,91
Barbados,BRB,2015,89
Barbados,BRB,2016,87
Barbados,BRB,2017,77
Barbados,BRB,2018,74
Barbados,BRB,2019,77
Barbados,BRB,2020,78
Barbados,BRB,2021,70
Barbados,BRB,2022,73
Barbados,BRB,2023,76
Barbados,BRB,2024,76
Belarus,BLR,2000,92
Belarus,BLR,2001,97
Belarus,BLR,2002,98
Belarus,BLR,2003,98
Belarus,BLR,2004,98
Belarus,BLR,2005,98
Belarus,BLR,2006,95
Belarus,BLR,2007,99
Belarus,BLR,2008,99
Belarus,BLR,2009,99
Belarus,BLR,2010,99
Belarus,BLR,2011,99
Belarus,BLR,2012,97
Belarus,BLR,2013,99
Belarus,BLR,2014,98
Belarus,BLR,2015,99
Belarus,BLR,2016,98
Belarus,BLR,2017,98
Belarus,BLR,2018,98
Belarus,BLR,2019,98
Belarus,BLR,2020,98
Belarus,BLR,2021,98
Belarus,BLR,2022,98
Belarus,BLR,2023,95
Belarus,BLR,2024,98
Belgium,BEL,2006,78
Belgium,BEL,2007,78
Belgium,BEL,2008,81
Belgium,BEL,2009,83
Belgium,BEL,2010,83
Belgium,BEL,2011,83
Belgium,BEL,2012,81
Belgium,BEL,2013,81
Belgium,BEL,2014,81
Belgium,BEL,2015,81
Belgium,BEL,2016,82
Belgium,BEL,2017,82
Belgium,BEL,2018,82
Belgium,BEL,2019,82
Belgium,BEL,2020,83
Belgium,BEL,2021,83
Belgium,BEL,2022,83
Belgium,BEL,2023,82
Belgium,BEL,2024,82
Belize,BLZ,2005,87
Belize,BLZ,2006,92
Belize,BLZ,2007,89
Belize,BLZ,2008,90
Belize,BLZ,2009,92
Belize,BLZ,2010,91
Belize,BLZ,2011,98
Belize,BLZ,2012,93
Belize,BLZ,2013,92
Belize,BLZ,2014,92
Belize,BLZ,2015,95
Belize,BLZ,2016,96
Belize,BLZ,2017,88
Belize,BLZ,2018,91
Belize,BLZ,2019,95
Belize,BLZ,2020,87
Belize,BLZ,2021,77
Belize,BLZ,2022,77
Belize,BLZ,2023,88
Belize,BLZ,2024,83
Bhutan,BTN,2008,72
Bhutan,BTN,2009,79
Bhutan,BTN,2010,85
Bhutan,BTN,2011,95
Bhutan,BTN,2012,90
Bhutan,BTN,2013,89
Bhutan,BTN,2014,92
Bhutan,BTN,2015,94
Bhutan,BTN,2016,90
Bhutan,BTN,2017,99
Bhutan,BTN,2018,91
Bhutan,BTN,2019,92
Bhutan,BTN,2020,92
Bhutan,BTN,2021,91
Bhutan,BTN,2022,97
Bhutan,BTN,2023,97
Bhutan,BTN,2024,96
Bolivia,BOL,2018,38
Bolivia,BOL,2019,44
Bolivia,BOL,2020,46
Bolivia,BOL,2021,56
Bolivia,BOL,2022,49
Bolivia,BOL,2023,50
Bolivia,BOL,2024,61
Bosnia and Herzegovina,BIH,2000,74
Bosnia and Herzegovina,BIH,2001,86
Bosnia and Herzegovina,BIH,2002,90
Bosnia and Herzegovina,BIH,2003,85
Bosnia and Herzegovina,BIH,2004,88
Bosnia and Herzegovina,BIH,2005,90
Bosnia and Herzegovina,BIH,2006,93
Bosnia and Herzegovina,BIH,2007,95
Bosnia and Herzegovina,BIH,2008,92
Bosnia and Herzegovina,BIH,2009,88
Bosnia and Herzegovina,BIH,2010,91
Bosnia and Herzegovina,BIH,2011,88
Bosnia and Herzegovina,BIH,2012,94
Bosnia and Herzegovina,BIH,2013,93
Bosnia and Herzegovina,BIH,2014,92
Bosnia and Herzegovina,BIH,2015,88
Bosnia and Herzegovina,BIH,2016,78
Bosnia and Herzegovina,BIH,2017,80
Bosnia and Herzegovina,BIH,2018,77
Bosnia and Herzegovina,BIH,2019,69
Bosnia and Herzegovina,BIH,2020,66
Bosnia and Herzegovina,BIH,2021,63
Bosnia and Herzegovina,BIH,2022,60
Bosnia and Herzegovina,BIH,2023,63
Bosnia and Herzegovina,BIH,2024,71
Botswana,BWA,2013,82
Botswana,BWA,2014,85
Botswana,BWA,2015,80
Botswana,BWA,2016,74
Botswana,BWA,2017,74
Botswana,BWA,2018,74
Botswana,BWA,2019,76
Botswana,BWA,2020,66
Botswana,BWA,2021,70
Botswana,BWA,2022,77
Botswana,BWA,2023,79
Botswana,BWA,2024,77
Brazil,BRA,2000,95
Brazil,BRA,2001,95
Brazil,BRA,2002,80
Brazil,BRA,2003,74
Brazil,BRA,2004,68
Brazil,BRA,2005,61
Brazil,BRA,2006,55
Brazil,BRA,2007,49
Brazil,BRA,2008,56
Brazil,BRA,2009,55
Brazil,BRA,2010,53
Brazil,BRA,2011,71
Brazil,BRA,2012,70
Brazil,BRA,2013,69
Brazil,BRA,2014,89
Brazil,BRA,2015,80
Brazil,BRA,2016,77
Brazil,BRA,2017,67
Brazil,BRA,2018,76
Brazil,BRA,2019,54
Brazil,BRA,2020,44
Brazil,BRA,2021,46
Brazil,BRA,2022,58
Brazil,BRA,2023,64
Brazil,BRA,2024,68
Brunei,BRN,2000,95
Brunei,BRN,2001,95
Brunei,BRN,2002,96
Brunei,BRN,2003,96
Brunei,BRN,2004,97
Brunei,BRN,2005,95
Brunei,BRN,2006,94
Brunei,BRN,2007,92
Brunei,BRN,2008,90
Brunei,BRN,2009,99
Brunei,BRN,2010,93
Brunei,BRN,2011,93
Brunei,BRN,2012,96
Brunei,BRN,2013,92
Brunei,BRN,2014,96
Brunei,BRN,2015,97
Brunei,BRN,2016,97
Brunei,BRN,2017,98
Brunei,BRN,2018,98
Brunei,BRN,2019,98
Brunei,BRN,2020,97
Brunei,BRN,2021,99
Brunei,BRN,2022,99
Brunei,BRN,2023,99
Brunei,BRN,2024,99
Bulgaria,BGR,2000,83
Bulgaria,BGR,2001,85
Bulgaria,BGR,2002,79
Bulgaria,BGR,2003,89
Bulgaria,BGR,2004,91
Bulgaria,BGR,2005,92
Bulgaria,BGR,2006,93
Bulgaria,BGR,2007,94
Bulgaria,BGR,2008,94
Bulgaria,BGR,2009,93
Bulgaria,BGR,2010,96
Bulgaria,BGR,2011,94
Bulgaria,BGR,2012,94
Bulgaria,BGR,2013,94
Bulgaria,BGR,2014,89
Bulgaria,BGR,2015,87
Bulgaria,BGR,2016,88
Bulgaria,BGR,2017,92
Bulgaria,BGR,2018,87
Bulgaria,BGR,2019,95
Bulgaria,BGR,2020,84
Bulgaria,BGR,2021,86
Bulgaria,BGR,2022,87
Bulgaria,BGR,2023,87
Bulgaria,BGR,2024,91
Burkina Faso,BFA,2014,17
Burkina Faso,BFA,2015,50
Burkina Faso,BFA,2016,59
Burkina Faso,BFA,2017,65
Burkina Faso,BFA,2018,71
Burkina Faso,BFA,2019,71
Burkina Faso,BFA,2020,71
Burkina Faso,BFA,2021,71
Burkina Faso,BFA,2022,66
Burkina Faso,BFA,2023,65
Burkina Faso,BFA,2024,65
Burundi,BDI,2013,51
Burundi,BDI,2014,60
Burundi,BDI,2015,65
Burundi,BDI,2016,72
Burundi,BDI,2017,75
Burundi,BDI,2018,77
Burundi,BDI,2019,80
Burundi,BDI,2020,83
Burundi,BDI,2021,85
Burundi,BDI,2022,85
Burundi,BDI,2023,80
Burundi,BDI,2024,80
Cambodia,KHM,2012,41
Cambodia,KHM,2013,52
Cambodia,KHM,2014,61
Cambodia,KHM,2015,59
Cambodia,KHM,2016,64
Cambodia,KHM,2017,67
Cambodia,KHM,2018,64
Cambodia,KHM,2019,75
Cambodia,KHM,2020,72
Cambodia,KHM,2021,63
Cambodia,KHM,2022,69
Cambodia,KHM,2023,64
Cambodia,KHM,2024,64
Cameroon,CMR,2020,22
Cameroon,CMR,2021,28
Cameroon,CMR,2022,36
Cameroon,CMR,2023,45
Cameroon,CMR,2024,49
Canada,CAN,2012,83
Canada,CAN,2013,86
Canada,CAN,2014,86
Canada,CAN,2015,86
Canada,CAN,2016,86
Canada,CAN,2017,87
Canada,CAN,2018,87
Canada,CAN,2019,87
Canada,CAN,2020,83
Canada,CAN,2021,83
Canada,CAN,2022,79
Canada,CAN,2023,79
Canada,CAN,2024,79
Cape Verde,CPV,2011,99
Cape Verde,CPV,2012,94
Cape Verde,CPV,2013,89
Cape Verde,CPV,2014,79
Cape Verde,CPV,2015,95
Cape Verde,CPV,2016,92
Cape Verde,CPV,2017,85
Cape Verde,CPV,2018,88
Cape Verde,CPV,2019,91
Cape Verde,CPV,2020,86
Cape Verde,CPV,2021,86
Cape Verde,CPV,2022,86
Cape Verde,CPV,2023,86
Cape Verde,CPV,2024,86
Chad,TCD,2022,2
Chad,TCD,2023,35
Chad,TCD,2024,46
Chile,CHL,2004,96
Chile,CHL,2005,96
Chile,CHL,2006,95
Chile,CHL,2007,95
Chile,CHL,2008,89
Chile,CHL,2009,89
Chile,CHL,2010,84
Chile,CHL,2011,77
Chile,CHL,2012,74
Chile,CHL,2013,78
Chile,CHL,2014,88
Chile,CHL,2015,89
Chile,CHL,2016,87
Chile,CHL,2017,90
Chile,CHL,2018,93
Chile,CHL,2019,91
Chile,CHL,2020,83
Chile,CHL,2021,91
Chile,CHL,2022,81
Chile,CHL,2023,70
Chile,CHL,2024,73
China,CHN,2005,84
China,CHN,2006,94
China,CHN,2007,92
China,CHN,2008,95
China,CHN,2009,98
China,CHN,2010,99
China,CHN,2011,99
China,CHN,2012,99
China,CHN,2013,99
China,CHN,2014,99
China,CHN,2015,99
China,CHN,2016,99
China,CHN,2017,99
China,CHN,2018,99
China,CHN,2019,98
China,CHN,2020,99
China,CHN,2021,99
China,CHN,2022,99
China,CHN,2023,95
China,CHN,2024,95
Colombia,COL,2000,84
Colombia,COL,2001,83
Colombia,COL,2002,93
Colombia,COL,2003,70
Colombia,COL,2004,70
Colombia,COL,2005,73
Colombia,COL,2006,85
Colombia,COL,2007,93
Colombia,COL,2008,70
Colombia,COL,2009,71
Colombia,COL,2010,74
Colombia,COL,2011,76
Colombia,COL,2012,80
Colombia,COL,2013,72
Colombia,COL,2014,88
Colombia,COL,2015,86
Colombia,COL,2016,87
Colombia,COL,2017,89
Colombia,COL,2018,88
Colombia,COL,2019,89
Colombia,COL,2020,88
Colombia,COL,2021,86
Colombia,COL,2022,84
Colombia,COL,2023,84
Colombia,COL,2024,86
Comoros,COM,2021,19
Comoros,COM,2022,71
Comoros,COM,2023,70
Comoros,COM,2024,70
Congo,COG,2019,9
Congo,COG,2020,29
Congo,COG,2021,31
Congo,COG,2022,34
Congo,COG,2023,34
Congo,COG,2024,47
Cook Islands,COK,2000,70
Cook Islands,COK,2001,50
Cook Islands,COK,2002,61
Cook Islands,COK,2003,88
Cook Islands,COK,2004,86
Cook Islands,COK,2005,97
Cook Islands,COK,2006,99
Cook Islands,COK,2007,98
Cook Islands,COK,2008,95
Cook Islands,COK,2009,61
Cook Islands,COK,2010,98
Cook Islands,COK,2011,96
Cook Islands,COK,2012,98
Cook Islands,COK,2013,95
Cook Islands,COK,2014,98
Cook Islands,COK,2015,95
Cook Islands,COK,2016,90
Cook Islands,COK,2017,95
Cook Islands,COK,2018,99
Cook Islands,COK,2019,98
Cook Islands,COK,2020,82
Cook Islands,COK,2021,67
Cook Islands,COK,2022,51
Cook Islands,COK,2023,77
Cook Islands,COK,2024,79
Costa Rica,CRI,2008,89
Costa Rica,CRI,2009,84
Costa Rica,CRI,2010,79
Costa Rica,CRI,2011,80
Costa Rica,CRI,2012,95
Costa Rica,CRI,2013,92
Costa Rica,CRI,2014,90
Costa Rica,CRI,2015,90
Costa Rica,CRI,2016,87
Costa Rica,CRI,2017,93
Costa Rica,CRI,2018,93
Costa Rica,CRI,2019,93
Costa Rica,CRI,2020,81
Costa Rica,CRI,2021,69
Costa Rica,CRI,2022,75
Costa Rica,CRI,2023,83
Costa Rica,CRI,2024,87
Cote d'Ivoire,CIV,2021,1
Cote d'Ivoire,CIV,2022,20
Cote d'Ivoire,CIV,2023,31
Cote d'Ivoire,CIV,2024,48
Croatia,HRV,2000,98
Croatia,HRV,2001,98
Croatia,HRV,2002,98
Croatia,HRV,2003,98
Croatia,HRV,2004,98
Croatia,HRV,2005,98
Croatia,HRV,2006,98
Croatia,HRV,2007,98
Croatia,HRV,2008,98
Croatia,HRV,2009,98
Croatia,HRV,2010,98
Croatia,HRV,2011,98
Croatia,HRV,2012,97
Croatia,HRV,2013,97
Croatia,HRV,2014,97
Croatia,HRV,2015,96
Croatia,HRV,2016,96
Croatia,HRV,2017,95
Croatia,HRV,2018,95
Croatia,HRV,2019,95
Croatia,HRV,2020,91
Croatia,HRV,2021,90
Croatia,HRV,2022,90
Croatia,HRV,2023,90
Croatia,HRV,2024,89
Cuba,CUB,2005,53
Cuba,CUB,2006,97
Cuba,CUB,2007,99
Cuba,CUB,2008,98
Cuba,CUB,2009,95
Cuba,CUB,2010,98
Cuba,CUB,2011,95
Cuba,CUB,2012,96
Cuba,CUB,2013,97
Cuba,CUB,2014,98
Cuba,CUB,2015,99
Cuba,CUB,2016,99
Cuba,CUB,2017,99
Cuba,CUB,2018,99
Cuba,CUB,2019,99
Cuba,CUB,2020,99
Cuba,CUB,2021,99
Cuba,CUB,2022,99
Cuba,CUB,2023,99
Cuba,CUB,2024,99
Cyprus,CYP,2007,93
Cyprus,CYP,2008,89
Cyprus,CYP,2009,88
Cyprus,CYP,2010,88
Cyprus,CYP,2011,88
Cyprus,CYP,2012,88
Cyprus,CYP,2013,88
Cyprus,CYP,2014,88
Cyprus,CYP,2015,88
Cyprus,CYP,2016,88
Cyprus,CYP,2017,88
Cyprus,CYP,2018,88
Cyprus,CYP,2019,88
Cyprus,CYP,2020,88
Cyprus,CYP,2021,88
Cyprus,CYP,2022,88
Cyprus,CYP,2023,80
Cyprus,CYP,2024,97
Czechia,CZE,2000,98
Czechia,CZE,2001,98
Czechia,CZE,2002,98
Czechia,CZE,2003,98
Czechia,CZE,2004,98
Czechia,CZE,2005,98
Czechia,CZE,2006,98
Czechia,CZE,2007,98
Czechia,CZE,2008,98
Czechia,CZE,2009,98
Czechia,CZE,2010,98
Czechia,CZE,2011,98
Czechia,CZE,2012,99
Czechia,CZE,2013,99
Czechia,CZE,2014,96
Czechia,CZE,2015,99
Czechia,CZE,2016,93
Czechia,CZE,2017,90
Czechia,CZE,2018,84
Czechia,CZE,2019,87
Czechia,CZE,2020,90
Czechia,CZE,2021,97
Czechia,CZE,2022,97
Czechia,CZE,2023,87
Czechia,CZE,2024,89
Democratic Republic of Congo,COD,2023,18
Democratic Republic of Congo,COD,2024,51
Denmark,DNK,2001,87
Denmark,DNK,2002,92
Denmark,DNK,2003,88
Denmark,DNK,2004,88
Denmark,DNK,2005,91
Denmark,DNK,2006,91
Denmark,DNK,2007,88
Denmark,DNK,2008,87
Denmark,DNK,2009,85
Denmark,DNK,2010,85
Denmark,DNK,2011,86
Denmark,DNK,2012,87
Denmark,DNK,2013,86
Denmark,DNK,2014,84
Denmark,DNK,2015,80
Denmark,DNK,2016,85
Denmark,DNK,2017,88
Denmark,DNK,2018,90
Denmark,DNK,2019,90
Denmark,DNK,2020,90
Denmark,DNK,2021,94
Denmark,DNK,2022,94
Denmark,DNK,2023,93
Denmark,DNK,2024,93
Djibouti,DJI,2012,82
Djibouti,DJI,2013,82
Djibouti,DJI,2014,82
Djibouti,DJI,2015,82
Djibouti,DJI,2016,81
Djibouti,DJI,2017,81
Djibouti,DJI,2018,81
Djibouti,DJI,2019,81
Djibouti,DJI,2020,60
Djibouti,DJI,2021,48
Djibouti,DJI,2022,48
Djibouti,DJI,2023,64
Djibouti,DJI,2024,48
Dominica,DMA,2001,62
Dominica,DMA,2002,99
Dominica,DMA,2003,99
Dominica,DMA,2004,99
Dominica,DMA,2005,99
Dominica,DMA,2006,99
Dominica,DMA,2007,95
Dominica,DMA,2008,95
Dominica,DMA,2009,95
Dominica,DMA,2010,95
Dominica,DMA,2011,94
Dominica,DMA,2012,94
Dominica,DMA,2013,91
Dominica,DMA,2014,89
Dominica,DMA,2015,94
Dominica,DMA,2016,92
Dominica,DMA,2017,81
Dominica,DMA,2018,81
Dominica,DMA,2019,92
Dominica,DMA,2020,90
Dominica,DMA,2021,87
Dominica,DMA,2022,87
Dominica,DMA,2023,81
Dominica,DMA,2024,75
Dominican Republic,DOM,2018,31
Dominican Republic,DOM,2019,60
Dominican Republic,DOM,2020,55
Dominican Republic,DOM,2021,60
Dominican Republic,DOM,2022,65
Dominican Republic,DOM,2023,70
Dominican Republic,DOM,2024,78
East Asia and the Pacific (UNICEF),,2000,4
East Asia and the Pacific (UNICEF),,2001,3
East Asia and the Pacific (UNICEF),,2002,3
East Asia and the Pacific (UNICEF),,2003,7
East Asia and the Pacific (UNICEF),,2004,8
East Asia and the Pacific (UNICEF),,2005,57
East Asia and the Pacific (UNICEF),,2006,67
East Asia and the Pacific (UNICEF),,2007,71
East Asia and the Pacific (UNICEF),,2008,78
East Asia and the Pacific (UNICEF),,2009,82
East Asia and the Pacific (UNICEF),,2010,84
East Asia and the Pacific (UNICEF),,2011,86
East Asia and the Pacific (UNICEF),,2012,87
East Asia and the Pacific (UNICEF),,2013,88
East Asia and the Pacific (UNICEF),,2014,81
East Asia and the Pacific (UNICEF),,2015,82
East Asia and the Pacific (UNICEF),,2016,87
East Asia and the Pacific (UNICEF),,2017,88
East Asia and the Pacific (UNICEF),,2018,88
East Asia and the Pacific (UNICEF),,2019,89
East Asia and the Pacific (UNICEF),,2020,88
East Asia and the Pacific (UNICEF),,2021,83
East Asia and the Pacific (UNICEF),,2022,87
East Asia and the Pacific (UNICEF),,2023,84
East Asia and the Pacific (UNICEF),,2024,87
East Timor,TLS,2016,30
East Timor,TLS,2017,54
East Timor,TLS,2018,59
East Timor,TLS,2019,63
East Timor,TLS,2020,68
East Timor,TLS,2021,72
East Timor,TLS,2022,72
East Timor,TLS,2023,72
East Timor,TLS,2024,72
Eastern Mediterranean (WHO),,2000,27
Eastern Mediterranean (WHO),,2001,33
Eastern Mediterranean (WHO),,2002,33
Eastern Mediterranean (WHO),,2003,32
Eastern Mediterranean (WHO),,2004,36
Eastern Mediterranean (WHO),,2005,39
Eastern Mediterranean (WHO),,2006,40
Eastern Mediterranean (WHO),,2007,40
Eastern Mediterranean (WHO),,2008,38
Eastern Mediterranean (WHO),,2009,50
Eastern Mediterranean (WHO),,2010,51
Eastern Mediterranean (WHO),,2011,54
Eastern Mediterranean (WHO),,2012,55
Eastern Mediterranean (WHO),,2013,59
Eastern Mediterranean (WHO),,2014,63
Eastern Mediterranean (WHO),,2015,68
Eastern Mediterranean (WHO),,2016,73
Eastern Mediterranean (WHO),,2017,73
Eastern Mediterranean (WHO),,2018,73
Eastern Mediterranean (WHO),,2019,75
Eastern Mediterranean (WHO),,2020,75
Eastern Mediterranean (WHO),,2021,75
Eastern Mediterranean (WHO),,2022,75
Eastern Mediterranean (WHO),,2023,73
Eastern Mediterranean (WHO),,2024,75
Eastern and Southern Africa (UNICEF),,2000,6
Eastern and Southern Africa (UNICEF),,2001,5
Eastern and Southern Africa (UNICEF),,2002,4
Eastern and Southern Africa (UNICEF),,2003,5
Eastern and Southern Africa (UNICEF),,2004,5
Eastern and Southern Africa (UNICEF),,2005,4
Eastern and Southern Africa (UNICEF),,2006,5
Eastern and Southern Africa (UNICEF),,2007,4
Eastern and Southern Africa (UNICEF),,2008,5
Eastern and Southern Africa (UNICEF),,2009,6
Eastern and Southern Africa (UNICEF),,2010,5
Eastern and Southern Africa (UNICEF),,2011,5
Eastern and Southern Africa (UNICEF),,2012,4
Eastern and Southern Africa (UNICEF),,2013,6
Eastern and Southern Africa (UNICEF),,2014,11
Eastern and Southern Africa (UNICEF),,2015,21
Eastern and Southern Africa (UNICEF),,2016,31
Eastern and Southern Africa (UNICEF),,2017,34
Eastern and Southern Africa (UNICEF),,2018,36
Eastern and Southern Africa (UNICEF),,2019,46
Eastern and Southern Africa (UNICEF),,2020,47
Eastern and Southern Africa (UNICEF),,2021,47
Eastern and Southern Africa (UNICEF),,2022,56
Eastern and Southern Africa (UNICEF),,2023,56
Eastern and Southern Africa (UNICEF),,2024,60
Ecuador,ECU,2009,99
Ecuador,ECU,2010,91
Ecuador,ECU,2011,92
Ecuador,ECU,2012,81
Ecuador,ECU,2013,70
Ecuador,ECU,2014,59
Ecuador,ECU,2015,76
Ecuador,ECU,2016,64
Ecuador,ECU,2017,73
Ecuador,ECU,2018,74
Ecuador,ECU,2019,76
Ecuador,ECU,2020,70
Ecuador,ECU,2021,58
Ecuador,ECU,2022,60
Ecuador,ECU,2023,60
Ecuador,ECU,2024,60
Egypt,EGY,2000,97
Egypt,EGY,2001,99
Egypt,EGY,2002,96
Egypt,EGY,2003,97
Egypt,EGY,2004,96
Egypt,EGY,2005,97
Egypt,EGY,2006,97
Egypt,EGY,2007,97
Egypt,EGY,2008,96
Egypt,EGY,2009,96
Egypt,EGY,2010,97
Egypt,EGY,2011,97
Egypt,EGY,2012,92
Egypt,EGY,2013,96
Egypt,EGY,2014,93
Egypt,EGY,2015,92
Egypt,EGY,2016,96
Egypt,EGY,2017,94
Egypt,EGY,2018,94
Egypt,EGY,2019,94
Egypt,EGY,2020,94
Egypt,EGY,2021,96
Egypt,EGY,2022,96
Egypt,EGY,2023,95
Egypt,EGY,2024,96
El Salvador,SLV,2003,77
El Salvador,SLV,2004,80
El Salvador,SLV,2005,85
El Salvador,SLV,2006,89
El Salvador,SLV,2007,86
El Salvador,SLV,2008,79
El Salvador,SLV,2009,82
El Salvador,SLV,2010,78
El Salvador,SLV,2011,81
El Salvador,SLV,2012,95
El Salvador,SLV,2013,85
El Salvador,SLV,2014,85
El Salvador,SLV,2015,88
El Salvador,SLV,2016,87
El Salvador,SLV,2017,86
El Salvador,SLV,2018,85
El Salvador,SLV,2019,76
El Salvador,SLV,2020,66
El Salvador,SLV,2021,80
El Salvador,SLV,2022,72
El Salvador,SLV,2023,71
El Salvador,SLV,2024,90
Equatorial Guinea,GNQ,2021,17
Equatorial Guinea,GNQ,2022,13
Equatorial Guinea,GNQ,2023,28
Equatorial Guinea,GNQ,2024,31
Eritrea,ERI,2015,88
Eritrea,ERI,2016,88
Eritrea,ERI,2017,88
Eritrea,ERI,2018,85
Eritrea,ERI,2019,85
Eritrea,ERI,2020,85
Eritrea,ERI,2021,85
Eritrea,ERI,2022,85
Eritrea,ERI,2023,85
Eritrea,ERI,2024,85
Estonia,EST,2000,89
Estonia,EST,2001,84
Estonia,EST,2002,94
Estonia,EST,2003,96
Estonia,EST,2004,97
Estonia,EST,2005,98
Estonia,EST,2006,98
Estonia,EST,2007,96
Estonia,EST,2008,97
Estonia,EST,2009,96
Estonia,EST,2010,95
Estonia,EST,2011,95
Estonia,EST,2012,94
Estonia,EST,2013,92
Estonia,EST,2014,93
Estonia,EST,2015,92
Estonia,EST,2016,92
Estonia,EST,2017,91
Estonia,EST,2018,88
Estonia,EST,2019,90
Estonia,EST,2020,87
Estonia,EST,2021,84
Estonia,EST,2022,81
Estonia,EST,2023,77
Estonia,EST,2024,74
Eswatini,SWZ,2002,96
Eswatini,SWZ,2003,96
Eswatini,SWZ,2004,96
Eswatini,SWZ,2005,96
Eswatini,SWZ,2006,96
Eswatini,SWZ,2007,96
Eswatini,SWZ,2008,96
Eswatini,SWZ,2009,96
Eswatini,SWZ,2010,96
Eswatini,SWZ,2011,81
Eswatini,SWZ,2012,52
Eswatini,SWZ,2013,89
Eswatini,SWZ,2014,89
Eswatini,SWZ,2015,83
Eswatini,SWZ,2016,76
Eswatini,SWZ,2017,70
Eswatini,SWZ,2018,75
Eswatini,SWZ,2019,75
Eswatini,SWZ,2020,70
Eswatini,SWZ,2021,69
Eswatini,SWZ,2022,77
Eswatini,SWZ,2023,82
Eswatini,SWZ,2024,86
Ethiopia,ETH,2019,35
Ethiopia,ETH,2020,41
Ethiopia,ETH,2021,41
Ethiopia,ETH,2022,52
Ethiopia,ETH,2023,53
Ethiopia,ETH,2024,59
Europe (WHO),,2000,48
Europe (WHO),,2001,62
Europe (WHO),,2002,70
Europe (WHO),,2003,73
Europe (WHO),,2004,77
Europe (WHO),,2005,77
Europe (WHO),,2006,75
Europe (WHO),,2007,76
Europe (WHO),,2008,75
Europe (WHO),,2009,73
Europe (WHO),,2010,80
Europe (WHO),,2011,83
Europe (WHO),,2012,83
Europe (WHO),,2013,89
Europe (WHO),,2014,89
Europe (WHO),,2015,89
Europe (WHO),,2016,88
Europe (WHO),,2017,91
Europe (WHO),,2018,92
Europe (WHO),,2019,92
Europe (WHO),,2020,91
Europe (WHO),,2021,92
Europe (WHO),,2022,91
Europe (WHO),,2023,91
Europe (WHO),,2024,91
Fiji,FJI,2005,74
Fiji,FJI,2006,94
Fiji,FJI,2007,94
Fiji,FJI,2008,93
Fiji,FJI,2009,93
Fiji,FJI,2010,93
Fiji,FJI,2011,93
Fiji,FJI,2012,92
Fiji,FJI,2013,92
Fiji,FJI,2014,86
Fiji,FJI,2015,94
Fiji,FJI,2016,83
Fiji,FJI,2017,86
Fiji,FJI,2018,89
Fiji,FJI,2019,72
Fiji,FJI,2020,71
Fiji,FJI,2021,78
Fiji,FJI,2022,84
Fiji,FJI,2023,83
Fiji,FJI,2024,75
Finland,FIN,2016,85
Finland,FIN,2017,92
Finland,FIN,2018,93
Finland,FIN,2019,93
Finland,FIN,2020,94
Finland,FIN,2021,93
Finland,FIN,2022,92
Finland,FIN,2023,92
Finland,FIN,2024,92
France,FRA,2010,61
France,FRA,2011,67
France,FRA,2012,72
France,FRA,2013,75
France,FRA,2014,77
France,FRA,2015,79
France,FRA,2016,80
France,FRA,2017,80
France,FRA,2018,83
France,FRA,2019,86
France,FRA,2020,91
France,FRA,2021,91
France,FRA,2022,93
France,FRA,2023,93
France,FRA,2024,93
Gambia,GMB,2012,56
Gambia,GMB,2013,53
Gambia,GMB,2014,73
Gambia,GMB,2015,77
Gambia,GMB,2016,79
Gambia,GMB,2017,68
Gambia,GMB,2018,71
Gambia,GMB,2019,61
Gambia,GMB,2020,61
Gambia,GMB,2021,61
Gambia,GMB,2022,52
Gambia,GMB,2023,73
Gambia,GMB,2024,83
Georgia,GEO,2001,8
Georgia,GEO,2002,40
Georgia,GEO,2003,57
Georgia,GEO,2004,75
Georgia,GEO,2005,87
Georgia,GEO,2006,88
Georgia,GEO,2007,92
Georgia,GEO,2008,87
Georgia,GEO,2009,71
Georgia,GEO,2010,84
Georgia,GEO,2011,77
Georgia,GEO,2012,79
Georgia,GEO,2013,89
Georgia,GEO,2014,87
Georgia,GEO,2015,91
Georgia,GEO,2016,85
Georgia,GEO,2017,90
Georgia,GEO,2018,96
Georgia,GEO,2019,97
Georgia,GEO,2020,77
Georgia,GEO,2021,81
Georgia,GEO,2022,78
Georgia,GEO,2023,86
Georgia,GEO,2024,81
Germany,DEU,2002,77
Germany,DEU,2003,83
Germany,DEU,2004,89
Germany,DEU,2005,91
Germany,DEU,2006,90
Germany,DEU,2007,92
Germany,DEU,2008,92
Germany,DEU,2009,93
Germany,DEU,2010,93
Germany,DEU,2011,93
Germany,DEU,2012,93
Germany,DEU,2013,93
Germany,DEU,2014,93
Germany,DEU,2015,93
Germany,DEU,2016,93
Germany,DEU,2017,93
Germany,DEU,2018,93
Germany,DEU,2019,93
Germany,DEU,2020,93
Germany,DEU,2021,93
Germany,DEU,2022,90
Germany,DEU,2023,91
Germany,DEU,2024,92
Ghana,GHA,2012,52
Ghana,GHA,2013,54
Ghana,GHA,2014,67
Ghana,GHA,2015,63
Ghana,GHA,2016,75
Ghana,GHA,2017,83
Ghana,GHA,2018,83
Ghana,GHA,2019,83
Ghana,GHA,2020,79
Ghana,GHA,2021,83
Ghana,GHA,2022,84
Ghana,GHA,2023,79
Ghana,GHA,2024,79
Greece,GRC,2007,77
Greece,GRC,2008,77
Greece,GRC,2009,77
Greece,GRC,2010,77
Greece,GRC,2011,77
Greece,GRC,2012,83
Greece,GRC,2013,83
Greece,GRC,2014,82
Greece,GRC,2015,81
Greece,GRC,2016,79
Greece,GRC,2017,78
Greece,GRC,2018,77
Greece,GRC,2019,76
Greece,GRC,2020,75
Greece,GRC,2021,73
Greece,GRC,2022,72
Greece,GRC,2023,71
Greece,GRC,2024,71
Grenada,GRD,2002,74
Grenada,GRD,2003,68
Grenada,GRD,2004,61
Grenada,GRD,2005,81
Grenada,GRD,2006,87
Grenada,GRD,2007,86
Grenada,GRD,2008,86
Grenada,GRD,2009,78
Grenada,GRD,2010,86
Grenada,GRD,2011,85
Grenada,GRD,2012,75
Grenada,GRD,2013,85
Grenada,GRD,2014,92
Grenada,GRD,2015,89
Grenada,GRD,2016,85
Grenada,GRD,2017,79
Grenada,GRD,2018,74
Grenada,GRD,2019,82
Grenada,GRD,2020,79
Grenada,GRD,2021,55
Grenada,GRD,2022,68
Grenada,GRD,2023,84
Grenada,GRD,2024,67
Guatemala,GTM,2016,67
Guatemala,GTM,2017,89
Guatemala,GTM,2018,78
Guatemala,GTM,2019,78
Guatemala,GTM,2020,79
Guatemala,GTM,2021,79
Guatemala,GTM,2022,71
Guatemala,GTM,2023,78
Guatemala,GTM,2024,78
Guinea,GIN,2022,3
Guinea,GIN,2023,26
Guinea,GIN,2024,45
Guinea-Bissau,GNB,2022,1
Guinea-Bissau,GNB,2023,36
Guinea-Bissau,GNB,2024,45
Guyana,GUY,2001,88
Guyana,GUY,2002,80
Guyana,GUY,2003,71
Guyana,GUY,2004,63
Guyana,GUY,2005,72
Guyana,GUY,2006,74
Guyana,GUY,2007,90
Guyana,GUY,2008,84
Guyana,GUY,2009,84
Guyana,GUY,2010,82
Guyana,GUY,2011,84
Guyana,GUY,2012,90
Guyana,GUY,2013,95
Guyana,GUY,2014,91
Guyana,GUY,2015,95
Guyana,GUY,2016,94
Guyana,GUY,2017,93
Guyana,GUY,2018,84
Guyana,GUY,2019,92
Guyana,GUY,2020,97
Guyana,GUY,2021,83
Guyana,GUY,2022,99
Guyana,GUY,2023,99
Guyana,GUY,2024,97
Haiti,HTI,2016,22
Haiti,HTI,2017,24
Haiti,HTI,2018,34
Haiti,HTI,2019,40
Haiti,HTI,2020,40
Haiti,HTI,2021,37
Haiti,HTI,2022,40
Haiti,HTI,2023,51
Haiti,HTI,2024,54
High-income countries,,2000,47
High-income countries,,2001,54
High-income countries,,2002,61
High-income countries,,2003,62
High-income countries,,2004,68
High-income countries,,2005,69
High-income countries,,2006,70
High-income countries,,2007,70
High-income countries,,2008,77
High-income countries,,2009,78
High-income countries,,2010,83
High-income countries,,2011,83
High-income countries,,2012,86
High-income countries,,2013,90
High-income countries,,2014,91
High-income countries,,2015,91
High-income countries,,2016,92
High-income countries,,2017,92
High-income countries,,2018,93
High-income countries,,2019,93
High-income countries,,2020,92
High-income countries,,2021,92
High-income countries,,2022,92
High-income countries,,2023,91
High-income countries,,2024,91
Honduras,HND,2018,94
Honduras,HND,2019,85
Honduras,HND,2020,79
Honduras,HND,2021,75
Honduras,HND,2022,70
Honduras,HND,2023,74
Honduras,HND,2024,77
Hungary,HUN,2000,99
Hungary,HUN,2001,99
Hungary,HUN,2002,99
Hungary,HUN,2003,99
Hungary,HUN,2004,99
Hungary,HUN,2005,99
Hungary,HUN,2006,99
Hungary,HUN,2007,99
Hungary,HUN,2008,99
Hungary,HUN,2009,99
Hungary,HUN,2010,99
Hungary,HUN,2011,99
Hungary,HUN,2012,99
Hungary,HUN,2013,99
Hungary,HUN,2014,99
Hungary,HUN,2015,99
Hungary,HUN,2016,99
Hungary,HUN,2017,99
Hungary,HUN,2018,99
Hungary,HUN,2019,99
Hungary,HUN,2020,99
Hungary,HUN,2021,99
Hungary,HUN,2022,99
Hungary,HUN,2023,99
Hungary,HUN,2024,99
Iceland,ISL,2003,92
Iceland,ISL,2004,89
Iceland,ISL,2005,90
Iceland,ISL,2006,93
Iceland,ISL,2007,95
Iceland,ISL,2008,94
Iceland,ISL,2009,93
Iceland,ISL,2010,92
Iceland,ISL,2011,90
Iceland,ISL,2012,97
Iceland,ISL,2013,94
Iceland,ISL,2014,93
Iceland,ISL,2015,94
Iceland,ISL,2016,95
Iceland,ISL,2017,95
Iceland,ISL,2018,95
Iceland,ISL,2019,94
Iceland,ISL,2020,93
Iceland,ISL,2021,10
Iceland,ISL,2022,80
Iceland,ISL,2023,89
Iceland,ISL,2024,98
India,IND,2011,27
India,IND,2012,36
India,IND,2013,51
India,IND,2014,60
India,IND,2015,69
India,IND,2016,76
India,IND,2017,80
India,IND,2018,82
India,IND,2019,84
India,IND,2020,81
India,IND,2021,82
India,IND,2022,90
India,IND,2023,90
India,IND,2024,92
Indonesia,IDN,2003,21
Indonesia,IDN,2004,29
Indonesia,IDN,2005,23
Indonesia,IDN,2006,50
Indonesia,IDN,2007,73
Indonesia,IDN,2008,66
Indonesia,IDN,2009,67
Indonesia,IDN,2010,74
Indonesia,IDN,2011,76
Indonesia,IDN,2012,78
Indonesia,IDN,2013,76
Indonesia,IDN,2014,28
Indonesia,IDN,2015,31
Indonesia,IDN,2016,55
Indonesia,IDN,2017,63
Indonesia,IDN,2018,67
Indonesia,IDN,2019,71
Indonesia,IDN,2020,60
Indonesia,IDN,2021,53
Indonesia,IDN,2022,71
Indonesia,IDN,2023,69
Indonesia,IDN,2024,82
Iran,IRN,2000,99
Iran,IRN,2001,94
Iran,IRN,2002,96
Iran,IRN,2003,96
Iran,IRN,2004,99
Iran,IRN,2005,92
Iran,IRN,2006,98
Iran,IRN,2007,97
Iran,IRN,2008,96
Iran,IRN,2009,99
Iran,IRN,2010,99
Iran,IRN,2011,99
Iran,IRN,2012,97
Iran,IRN,2013,97
Iran,IRN,2014,98
Iran,IRN,2015,98
Iran,IRN,2016,98
Iran,IRN,2017,98
Iran,IRN,2018,98
Iran,IRN,2019,98
Iran,IRN,2020,98
Iran,IRN,2021,98
Iran,IRN,2022,98
Iran,IRN,2023,99
Iran,IRN,2024,99
Iraq,IRQ,2001,52
Iraq,IRQ,2002,48
Iraq,IRQ,2003,45
Iraq,IRQ,2004,41
Iraq,IRQ,2005,58
Iraq,IRQ,2006,52
Iraq,IRQ,2007,64
Iraq,IRQ,2008,76
Iraq,IRQ,2009,87
Iraq,IRQ,2010,77
Iraq,IRQ,2011,77
Iraq,IRQ,2012,68
Iraq,IRQ,2013,57
Iraq,IRQ,2014,67
Iraq,IRQ,2015,76
Iraq,IRQ,2016,75
Iraq,IRQ,2017,84
Iraq,IRQ,2018,83
Iraq,IRQ,2019,86
Iraq,IRQ,2020,93
Iraq,IRQ,2021,84
Iraq,IRQ,2022,97
Iraq,IRQ,2023,83
Iraq,IRQ,2024,82
Ireland,IRL,2014,90
Ireland,IRL,2015,90
Ireland,IRL,2016,90
Ireland,IRL,2017,90
Ireland,IRL,2018,90
Ireland,IRL,2019,90
Ireland,IRL,2020,90
Ireland,IRL,2021,86
Ireland,IRL,2022,85
Ireland,IRL,2023,89
Ireland,IRL,2024,90
Israel,ISR,2001,97
Israel,ISR,2002,97
Israel,ISR,2003,97
Israel,ISR,2004,97
Israel,ISR,2005,96
Israel,ISR,2006,96
Israel,ISR,2007,90
Israel,ISR,2008,91
Israel,ISR,2009,92
Israel,ISR,2010,93
Israel,ISR,2011,87
Israel,ISR,2012,89
Israel,ISR,2013,95
Israel,ISR,2014,96
Israel,ISR,2015,97
Israel,ISR,2016,97
Israel,ISR,2017,96
Israel,ISR,2018,96
Israel,ISR,2019,98
Israel,ISR,2020,96
Israel,ISR,2021,93
Israel,ISR,2022,92
Israel,ISR,2023,92
Israel,ISR,2024,92
Italy,ITA,2013,84
Italy,ITA,2014,83
Italy,ITA,2015,83
Italy,ITA,2016,82
Italy,ITA,2017,86
Italy,ITA,2018,89
Italy,ITA,2019,88
Italy,ITA,2020,86
Italy,ITA,2021,86
Italy,ITA,2022,85
Italy,ITA,2023,85
Italy,ITA,2024,84
Jamaica,JAM,2001,96
Jamaica,JAM,2002,96
Jamaica,JAM,2003,95
Jamaica,JAM,2004,95
Jamaica,JAM,2005,91
Jamaica,JAM,2006,88
Jamaica,JAM,2007,84
Jamaica,JAM,2008,80
Jamaica,JAM,2009,78
Jamaica,JAM,2010,56
Jamaica,JAM,2011,60
Jamaica,JAM,2012,76
Jamaica,JAM,2013,71
Jamaica,JAM,2014,72
Jamaica,JAM,2015,83
Jamaica,JAM,2016,85
Jamaica,JAM,2017,95
Jamaica,JAM,2018,82
Jamaica,JAM,2019,92
Jamaica,JAM,2020,89
Jamaica,JAM,2021,85
Jamaica,JAM,2022,83
Jamaica,JAM,2023,89
Jamaica,JAM,2024,93
Japan,JPN,2008,78
Japan,JPN,2009,92
Japan,JPN,2010,97
Japan,JPN,2011,92
Japan,JPN,2012,92
Japan,JPN,2013,93
Japan,JPN,2014,94
Japan,JPN,2015,93
Japan,JPN,2016,93
Japan,JPN,2017,95
Japan,JPN,2018,93
Japan,JPN,2019,93
Japan,JPN,2020,95
Japan,JPN,2021,94
Japan,JPN,2022,95
Japan,JPN,2023,94
Japan,JPN,2024,96
Jordan,JOR,2000,83
Jordan,JOR,2001,87
Jordan,JOR,2002,90
Jordan,JOR,2003,91
Jordan,JOR,2004,98
Jordan,JOR,2005,92
Jordan,JOR,2006,88
Jordan,JOR,2007,97
Jordan,JOR,2008,90
Jordan,JOR,2009,90
Jordan,JOR,2010,95
Jordan,JOR,2011,95
Jordan,JOR,2012,96
Jordan,JOR,2013,98
Jordan,JOR,2014,98
Jordan,JOR,2015,96
Jordan,JOR,2016,99
Jordan,JOR,2017,99
Jordan,JOR,2018,96
Jordan,JOR,2019,93
Jordan,JOR,2020,90
Jordan,JOR,2021,85
Jordan,JOR,2022,80
Jordan,JOR,2023,89
Jordan,JOR,2024,96
Kazakhstan,KAZ,2000,98
Kazakhstan,KAZ,2001,95
Kazakhstan,KAZ,2002,98
Kazakhstan,KAZ,2003,99
Kazakhstan,KAZ,2004,99
Kazakhstan,KAZ,2005,96
Kazakhstan,KAZ,2006,99
Kazakhstan,KAZ,2007,99
Kazakhstan,KAZ,2008,99
Kazakhstan,KAZ,2009,99
Kazakhstan,KAZ,2010,99
Kazakhstan,KAZ,2011,99
Kazakhstan,KAZ,2012,97
Kazakhstan,KAZ,2013,99
Kazakhstan,KAZ,2014,99
Kazakhstan,KAZ,2015,98
Kazakhstan,KAZ,2016,99
Kazakhstan,KAZ,2017,99
Kazakhstan,KAZ,2018,98
Kazakhstan,KAZ,2019,98
Kazakhstan,KAZ,2020,91
Kazakhstan,KAZ,2021,96
Kazakhstan,KAZ,2022,97
Kazakhstan,KAZ,2023,99
Kazakhstan,KAZ,2024,92
Kenya,KEN,2015,28
Kenya,KEN,2016,35
Kenya,KEN,2017,41
Kenya,KEN,2018,53
Kenya,KEN,2019,60
Kenya,KEN,2020,67
Kenya,KEN,2021,71
Kenya,KEN,2022,70
Kenya,KEN,2023,76
Kenya,KEN,2024,76
Kiribati,KIR,2009,35
Kiribati,KIR,2010,21
Kiribati,KIR,2011,61
Kiribati,KIR,2012,9
Kiribati,KIR,2013,84
Kiribati,KIR,2014,80
Kiribati,KIR,2015,76
Kiribati,KIR,2016,79
Kiribati,KIR,2017,79
Kiribati,KIR,2018,85
Kiribati,KIR,2019,91
Kiribati,KIR,2020,57
Kiribati,KIR,2021,58
Kiribati,KIR,2022,68
Kiribati,KIR,2023,47
Kiribati,KIR,2024,47
Kuwait,KWT,2005,77
Kuwait,KWT,2006,96
Kuwait,KWT,2007,90
Kuwait,KWT,2008,86
Kuwait,KWT,2009,94
Kuwait,KWT,2010,99
Kuwait,KWT,2011,99
Kuwait,KWT,2012,99
Kuwait,KWT,2013,99
Kuwait,KWT,2014,86
Kuwait,KWT,2015,96
Kuwait,KWT,2016,99
Kuwait,KWT,2017,99
Kuwait,KWT,2018,94
Kuwait,KWT,2019,94
Kuwait,KWT,2020,94
Kuwait,KWT,2021,94
Kuwait,KWT,2022,94
Kuwait,KWT,2023,91
Kuwait,KWT,2024,94
Kyrgyzstan,KGZ,2000,96
Kyrgyzstan,KGZ,2001,98
Kyrgyzstan,KGZ,2002,98
Kyrgyzstan,KGZ,2003,98
Kyrgyzstan,KGZ,2004,98
Kyrgyzstan,KGZ,2005,98
Kyrgyzstan,KGZ,2006,97
Kyrgyzstan,KGZ,2007,95
Kyrgyzstan,KGZ,2008,97
Kyrgyzstan,KGZ,2009,98
Kyrgyzstan,KGZ,2010,98
Kyrgyzstan,KGZ,2011,98
Kyrgyzstan,KGZ,2012,98
Kyrgyzstan,KGZ,2013,97
Kyrgyzstan,KGZ,2014,97
Kyrgyzstan,KGZ,2015,96
Kyrgyzstan,KGZ,2016,98
Kyrgyzstan,KGZ,2017,96
Kyrgyzstan,KGZ,2018,96
Kyrgyzstan,KGZ,2019,99
Kyrgyzstan,KGZ,2020,93
Kyrgyzstan,KGZ,2021,97
Kyrgyzstan,KGZ,2022,95
Kyrgyzstan,KGZ,2023,93
Kyrgyzstan,KGZ,2024,93
Laos,LAO,2017,0
Laos,LAO,2018,63
Laos,LAO,2019,50
Laos,LAO,2020,52
Laos,LAO,2021,52
Laos,LAO,2022,57
Laos,LAO,2023,69
Laos,LAO,2024,66
Latin America and the Caribbean (UNICEF),,2000,60
Latin America and the Caribbean (UNICEF),,2001,61
Latin America and the Caribbean (UNICEF),,2002,56
Latin America and the Caribbean (UNICEF),,2003,55
Latin America and the Caribbean (UNICEF),,2004,56
Latin America and the Caribbean (UNICEF),,2005,55
Latin America and the Caribbean (UNICEF),,2006,54
Latin America and the Caribbean (UNICEF),,2007,52
Latin America and the Caribbean (UNICEF),,2008,55
Latin America and the Caribbean (UNICEF),,2009,60
Latin America and the Caribbean (UNICEF),,2010,60
Latin America and the Caribbean (UNICEF),,2011,67
Latin America and the Caribbean (UNICEF),,2012,66
Latin America and the Caribbean (UNICEF),,2013,61
Latin America and the Caribbean (UNICEF),,2014,73
Latin America and the Caribbean (UNICEF),,2015,71
Latin America and the Caribbean (UNICEF),,2016,74
Latin America and the Caribbean (UNICEF),,2017,67
Latin America and the Caribbean (UNICEF),,2018,80
Latin America and the Caribbean (UNICEF),,2019,63
Latin America and the Caribbean (UNICEF),,2020,63
Latin America and the Caribbean (UNICEF),,2021,69
Latin America and the Caribbean (UNICEF),,2022,69
Latin America and the Caribbean (UNICEF),,2023,68
Latin America and the Caribbean (UNICEF),,2024,69
Latvia,LVA,2000,90
Latvia,LVA,2001,95
Latvia,LVA,2002,96
Latvia,LVA,2003,97
Latvia,LVA,2004,98
Latvia,LVA,2005,99
Latvia,LVA,2006,99
Latvia,LVA,2007,98
Latvia,LVA,2008,94
Latvia,LVA,2009,92
Latvia,LVA,2010,93
Latvia,LVA,2011,92
Latvia,LVA,2012,92
Latvia,LVA,2013,92
Latvia,LVA,2014,89
Latvia,LVA,2015,92
Latvia,LVA,2016,89
Latvia,LVA,2017,89
Latvia,LVA,2018,94
Latvia,LVA,2019,96
Latvia,LVA,2020,94
Latvia,LVA,2021,85
Latvia,LVA,2022,86
Latvia,LVA,2023,92
Latvia,LVA,2024,88
Lebanon,LBN,2000,56
Lebanon,LBN,2001,42
Lebanon,LBN,2002,28
Lebanon,LBN,2003,14
Lebanon,LBN,2004,22
Lebanon,LBN,2005,32
Lebanon,LBN,2006,41
Lebanon,LBN,2007,51
Lebanon,LBN,2008,59
Lebanon,LBN,2009,75
Lebanon,LBN,2010,75
Lebanon,LBN,2011,75
Lebanon,LBN,2012,74
Lebanon,LBN,2013,74
Lebanon,LBN,2014,63
Lebanon,LBN,2015,63
Lebanon,LBN,2016,63
Lebanon,LBN,2017,63
Lebanon,LBN,2018,63
Lebanon,LBN,2019,63
Lebanon,LBN,2020,64
Lebanon,LBN,2021,59
Lebanon,LBN,2022,59
Lebanon,LBN,2023,59
Lebanon,LBN,2024,59
Lesotho,LSO,2001,46
Lesotho,LSO,2002,50
Lesotho,LSO,2003,47
Lesotho,LSO,2004,56
Lesotho,LSO,2005,68
Lesotho,LSO,2006,80
Lesotho,LSO,2007,80
Lesotho,LSO,2008,80
Lesotho,LSO,2009,81
Lesotho,LSO,2010,81
Lesotho,LSO,2011,82
Lesotho,LSO,2012,82
Lesotho,LSO,2013,79
Lesotho,LSO,2014,78
Lesotho,LSO,2015,75
Lesotho,LSO,2016,74
Lesotho,LSO,2017,70
Lesotho,LSO,2018,69
Lesotho,LSO,2019,66
Lesotho,LSO,2020,65
Lesotho,LSO,2021,67
Lesotho,LSO,2022,63
Lesotho,LSO,2023,72
Lesotho,LSO,2024,74
Liberia,LBR,2019,13
Liberia,LBR,2020,30
Liberia,LBR,2021,35
Liberia,LBR,2022,59
Liberia,LBR,2023,60
Liberia,LBR,2024,60
Libya,LBY,2001,81
Libya,LBY,2002,86
Libya,LBY,2003,90
Libya,LBY,2004,95
Libya,LBY,2005,95
Libya,LBY,2006,96
Libya,LBY,2007,97
Libya,LBY,2008,97
Libya,LBY,2009,97
Libya,LBY,2010,97
Libya,LBY,2011,97
Libya,LBY,2012,97
Libya,LBY,2013,95
Libya,LBY,2014,92
Libya,LBY,2015,97
Libya,LBY,2016,96
Libya,LBY,2017,94
Libya,LBY,2018,72
Libya,LBY,2019,72
Libya,LBY,2020,72
Libya,LBY,2021,72
Libya,LBY,2022,72
Libya,LBY,2023,72
Libya,LBY,2024,80
Lithuania,LTU,2000,97
Lithuania,LTU,2001,96
Lithuania,LTU,2002,95
Lithuania,LTU,2003,93
Lithuania,LTU,2004,93
Lithuania,LTU,2005,95
Lithuania,LTU,2006,94
Lithuania,LTU,2007,96
Lithuania,LTU,2008,96
Lithuania,LTU,2009,94
Lithuania,LTU,2010,95
Lithuania,LTU,2011,94
Lithuania,LTU,2012,93
Lithuania,LTU,2013,92
Lithuania,LTU,2014,92
Lithuania,LTU,2015,92
Lithuania,LTU,2016,92
Lithuania,LTU,2017,92
Lithuania,LTU,2018,92
Lithuania,LTU,2019,93
Lithuania,LTU,2020,91
Lithuania,LTU,2021,88
Lithuania,LTU,2022,87
Lithuania,LTU,2023,86
Lithuania,LTU,2024,85
Low-income countries,,2000,3
Low-income countries,,2001,4
Low-income countries,,2002,4
Low-income countries,,2003,3
Low-income countries,,2004,4
Low-income countries,,2005,5
Low-income countries,,2006,6
Low-income countries,,2007,5
Low-income countries,,2008,9
Low-income countries,,2009,9
Low-income countries,,2010,10
Low-income countries,,2011,10
Low-income countries,,2012,11
Low-income countries,,2013,15
Low-income countries,,2014,17
Low-income countries,,2015,22
Low-income countries,,2016,28
Low-income countries,,2017,30
Low-income countries,,2018,31
Low-income countries,,2019,32
Low-income countries,,2020,33
Low-income countries,,2021,33
Low-income countries,,2022,37
Low-income countries,,2023,41
Low-income countries,,2024,52
Lower-middle-income countries,,2000,5
Lower-middle-income countries,,2001,6
Lower-middle-income countries,,2002,6
Lower-middle-income countries,,2003,6
Lower-middle-income countries,,2004,7
Lower-middle-income countries,,2005,7
Lower-middle-income countries,,2006,7
Lower-middle-income countries,,2007,7
Lower-middle-income countries,,2008,9
Lower-middle-income countries,,2009,12
Lower-middle-income countries,,2010,13
Lower-middle-income countries,,2011,26
Lower-middle-income countries,,2012,33
Lower-middle-income countries,,2013,42
Lower-middle-income countries,,2014,49
Lower-middle-income countries,,2015,55
Lower-middle-income countries,,2016,62
Lower-middle-income countries,,2017,64
Lower-middle-income countries,,2018,66
Lower-middle-income countries,,2019,69
Lower-middle-income countries,,2020,72
Lower-middle-income countries,,2021,70
Lower-middle-income countries,,2022,74
Lower-middle-income countries,,2023,76
Lower-middle-income countries,,2024,78
Luxembourg,LUX,2012,86
Luxembourg,LUX,2013,86
Luxembourg,LUX,2014,86
Luxembourg,LUX,2015,86
Luxembourg,LUX,2016,86
Luxembourg,LUX,2017,86
Luxembourg,LUX,2018,90
Luxembourg,LUX,2019,90
Luxembourg,LUX,2020,90
Luxembourg,LUX,2021,90
Luxembourg,LUX,2022,92
Luxembourg,LUX,2023,94
Luxembourg,LUX,2024,94
Madagascar,MDG,2020,14
Madagascar,MDG,2021,24
Madagascar,MDG,2022,32
Madagascar,MDG,2023,47
Madagascar,MDG,2024,46
Malawi,MWI,2015,8
Malawi,MWI,2016,61
Malawi,MWI,2017,67
Malawi,MWI,2018,72
Malawi,MWI,2019,75
Malawi,MWI,2020,75
Malawi,MWI,2021,74
Malawi,MWI,2022,60
Malawi,MWI,2023,65
Malawi,MWI,2024,69
Malaysia,MYS,2005,91
Malaysia,MYS,2006,90
Malaysia,MYS,2007,92
Malaysia,MYS,2008,93
Malaysia,MYS,2009,95
Malaysia,MYS,2010,95
Malaysia,MYS,2011,95
Malaysia,MYS,2012,99
Malaysia,MYS,2013,99
Malaysia,MYS,2014,99
Malaysia,MYS,2015,99
Malaysia,MYS,2016,99
Malaysia,MYS,2017,99
Malaysia,MYS,2018,88
Malaysia,MYS,2019,87
Malaysia,MYS,2020,84
Malaysia,MYS,2021,98
Malaysia,MYS,2022,96
Malaysia,MYS,2023,95
Malaysia,MYS,2024,93
Maldives,MDV,2007,56
Maldives,MDV,2008,76
Maldives,MDV,2009,96
Maldives,MDV,2010,96
Maldives,MDV,2011,96
Maldives,MDV,2012,99
Maldives,MDV,2013,99
Maldives,MDV,2014,97
Maldives,MDV,2015,99
Maldives,MDV,2016,99
Maldives,MDV,2017,99
Maldives,MDV,2018,99
Maldives,MDV,2019,96
Maldives,MDV,2020,97
Maldives,MDV,2021,98
Maldives,MDV,2022,98
Maldives,MDV,2023,99
Maldives,MDV,2024,99
Mali,MLI,2019,4
Mali,MLI,2020,26
Mali,MLI,2021,33
Mali,MLI,2022,36
Mali,MLI,2023,60
Mali,MLI,2024,60
Malta,MLT,2003,2
Malta,MLT,2004,31
Malta,MLT,2005,60
Malta,MLT,2006,86
Malta,MLT,2007,77
Malta,MLT,2008,83
Malta,MLT,2009,85
Malta,MLT,2010,85
Malta,MLT,2011,85
Malta,MLT,2012,91
Malta,MLT,2013,88
Malta,MLT,2014,94
Malta,MLT,2015,91
Malta,MLT,2016,86
Malta,MLT,2017,83
Malta,MLT,2018,95
Malta,MLT,2019,95
Malta,MLT,2020,99
Malta,MLT,2021,93
Malta,MLT,2022,95
Malta,MLT,2023,84
Malta,MLT,2024,86
Marshall Islands,MHL,2000,6
Marshall Islands,MHL,2001,6
Marshall Islands,MHL,2002,70
Marshall Islands,MHL,2003,90
Marshall Islands,MHL,2004,92
Marshall Islands,MHL,2005,71
Marshall Islands,MHL,2006,60
Marshall Islands,MHL,2007,91
Marshall Islands,MHL,2008,79
Marshall Islands,MHL,2009,66
Marshall Islands,MHL,2010,90
Marshall Islands,MHL,2011,74
Marshall Islands,MHL,2012,58
Marshall Islands,MHL,2013,56
Marshall Islands,MHL,2014,53
Marshall Islands,MHL,2015,70
Marshall Islands,MHL,2016,49
Marshall Islands,MHL,2017,62
Marshall Islands,MHL,2018,61
Marshall Islands,MHL,2019,64
Marshall Islands,MHL,2020,68
Marshall Islands,MHL,2021,59
Marshall Islands,MHL,2022,54
Marshall Islands,MHL,2023,61
Marshall Islands,MHL,2024,61
Mauritania,MRT,2023,24
Mauritania,MRT,2024,59
Mauritius,MUS,2004,80
Mauritius,MUS,2005,78
Mauritius,MUS,2006,85
Mauritius,MUS,2007,80
Mauritius,MUS,2008,83
Mauritius,MUS,2009,85
Mauritius,MUS,2010,90
Mauritius,MUS,2011,89
Mauritius,MUS,2012,90
Mauritius,MUS,2013,85
Mauritius,MUS,2014,85
Mauritius,MUS,2015,96
Mauritius,MUS,2016,92
Mauritius,MUS,2017,95
Mauritius,MUS,2018,99
Mauritius,MUS,2019,99
Mauritius,MUS,2020,98
Mauritius,MUS,2021,93
Mauritius,MUS,2022,93
Mauritius,MUS,2023,94
Mauritius,MUS,2024,96
Mexico,MEX,2000,98
Mexico,MEX,2001,99
Mexico,MEX,2002,89
Mexico,MEX,2003,96
Mexico,MEX,2004,97
Mexico,MEX,2005,97
Mexico,MEX,2006,91
Mexico,MEX,2007,85
Mexico,MEX,2008,94
Mexico,MEX,2009,92
Mexico,MEX,2010,91
Mexico,MEX,2011,97
Mexico,MEX,2012,92
Mexico,MEX,2013,76
Mexico,MEX,2014,96
Mexico,MEX,2015,96
Mexico,MEX,2016,98
Mexico,MEX,2017,62
Mexico,MEX,2018,99
Mexico,MEX,2019,55
Mexico,MEX,2020,79
Mexico,MEX,2021,97
Mexico,MEX,2022,83
Mexico,MEX,2023,74
Mexico,MEX,2024,69
Micronesia (country),FSM,2000,50
Micronesia (country),FSM,2001,64
Micronesia (country),FSM,2002,65
Micronesia (country),FSM,2003,66
Micronesia (country),FSM,2004,74
Micronesia (country),FSM,2005,84
Micronesia (country),FSM,2006,85
Micronesia (country),FSM,2007,86
Micronesia (country),FSM,2008,84
Micronesia (country),FSM,2009,82
Micronesia (country),FSM,2010,75
Micronesia (country),FSM,2011,75
Micronesia (country),FSM,2012,70
Micronesia (country),FSM,2013,75
Micronesia (country),FSM,2014,75
Micronesia (country),FSM,2015,74
Micronesia (country),FSM,2016,45
Micronesia (country),FSM,2017,52
Micronesia (country),FSM,2018,48
Micronesia (country),FSM,2019,52
Micronesia (country),FSM,2020,62
Micronesia (country),FSM,2021,38
Micronesia (country),FSM,2022,38
Micronesia (country),FSM,2023,59
Micronesia (country),FSM,2024,60
Middle East and North Africa (UNICEF),,2000,50
Middle East and North Africa (UNICEF),,2001,60
Middle East and North Africa (UNICEF),,2002,60
Middle East and North Africa (UNICEF),,2003,60
Middle East and North Africa (UNICEF),,2004,66
Middle East and North Africa (UNICEF),,2005,69
Middle East and North Africa (UNICEF),,2006,70
Middle East and North Africa (UNICEF),,2007,71
Middle East and North Africa (UNICEF),,2008,67
Middle East and North Africa (UNICEF),,2009,69
Middle East and North Africa (UNICEF),,2010,69
Middle East and North Africa (UNICEF),,2011,71
Middle East and North Africa (UNICEF),,2012,71
Middle East and North Africa (UNICEF),,2013,75
Middle East and North Africa (UNICEF),,2014,79
Middle East and North Africa (UNICEF),,2015,83
Middle East and North Africa (UNICEF),,2016,85
Middle East and North Africa (UNICEF),,2017,85
Middle East and North Africa (UNICEF),,2018,83
Middle East and North Africa (UNICEF),,2019,83
Middle East and North Africa (UNICEF),,2020,82
Middle East and North Africa (UNICEF),,2021,81
Middle East and North Africa (UNICEF),,2022,81
Middle East and North Africa (UNICEF),,2023,78
Middle East and North Africa (UNICEF),,2024,78
Middle-income countries,,2000,15
Middle-income countries,,2001,17
Middle-income countries,,2002,16
Middle-income countries,,2003,17
Middle-income countries,,2004,18
Middle-income countries,,2005,32
Middle-income countries,,2006,34
Middle-income countries,,2007,35
Middle-income countries,,2008,37
Middle-income countries,,2009,40
Middle-income countries,,2010,41
Middle-income countries,,2011,50
Middle-income countries,,2012,54
Middle-income countries,,2013,59
Middle-income countries,,2014,62
Middle-income countries,,2015,67
Middle-income countries,,2016,72
Middle-income countries,,2017,73
Middle-income countries,,2018,75
Middle-income countries,,2019,75
Middle-income countries,,2020,76
Middle-income countries,,2021,75
Middle-income countries,,2022,79
Middle-income countries,,2023,79
Middle-income countries,,2024,80
Moldova,MDA,2002,69
Moldova,MDA,2003,96
Moldova,MDA,2004,98
Moldova,MDA,2005,98
Moldova,MDA,2006,99
Moldova,MDA,2007,95
Moldova,MDA,2008,97
Moldova,MDA,2009,98
Moldova,MDA,2010,98
Moldova,MDA,2011,96
Moldova,MDA,2012,95
Moldova,MDA,2013,94
Moldova,MDA,2014,93
Moldova,MDA,2015,90
Moldova,MDA,2016,95
Moldova,MDA,2017,92
Moldova,MDA,2018,96
Moldova,MDA,2019,95
Moldova,MDA,2020,93
Moldova,MDA,2021,92
Moldova,MDA,2022,93
Moldova,MDA,2023,93
Moldova,MDA,2024,93
Monaco,MCO,2014,79
Monaco,MCO,2015,79
Monaco,MCO,2016,79
Monaco,MCO,2017,79
Monaco,MCO,2018,79
Monaco,MCO,2019,79
Monaco,MCO,2020,80
Monaco,MCO,2021,80
Monaco,MCO,2022,80
Monaco,MCO,2023,80
Monaco,MCO,2024,80
Mongolia,MNG,2000,75
Mongolia,MNG,2001,95
Mongolia,MNG,2002,96
Mongolia,MNG,2003,98
Mongolia,MNG,2004,98
Mongolia,MNG,2005,98
Mongolia,MNG,2006,96
Mongolia,MNG,2007,97
Mongolia,MNG,2008,96
Mongolia,MNG,2009,97
Mongolia,MNG,2010,95
Mongolia,MNG,2011,98
Mongolia,MNG,2012,98
Mongolia,MNG,2013,97
Mongolia,MNG,2014,98
Mongolia,MNG,2015,98
Mongolia,MNG,2016,99
Mongolia,MNG,2017,98
Mongolia,MNG,2018,98
Mongolia,MNG,2019,99
Mongolia,MNG,2020,96
Mongolia,MNG,2021,94
Mongolia,MNG,2022,93
Mongolia,MNG,2023,96
Mongolia,MNG,2024,95
Montenegro,MNE,2007,95
Montenegro,MNE,2008,96
Montenegro,MNE,2009,96
Montenegro,MNE,2010,97
Montenegro,MNE,2011,97
Montenegro,MNE,2012,97
Montenegro,MNE,2013,97
Montenegro,MNE,2014,95
Montenegro,MNE,2015,94
Montenegro,MNE,2016,86
Montenegro,MNE,2017,83
Montenegro,MNE,2018,86
Montenegro,MNE,2019,79
Montenegro,MNE,2020,76
Montenegro,MNE,2021,79
Montenegro,MNE,2022,70
Montenegro,MNE,2023,69
Montenegro,MNE,2024,68
Morocco,MAR,2004,91
Morocco,MAR,2005,92
Morocco,MAR,2006,92
Morocco,MAR,2007,92
Morocco,MAR,2014,54
Morocco,MAR,2015,95
Morocco,MAR,2016,99
Morocco,MAR,2017,99
Morocco,MAR,2018,99
Morocco,MAR,2019,99
Morocco,MAR,2020,99
Morocco,MAR,2021,99
Morocco,MAR,2022,98
Morocco,MAR,2023,98
Morocco,MAR,2024,98
Mozambique,MOZ,2016,39
Mozambique,MOZ,2017,43
Mozambique,MOZ,2018,48
Mozambique,MOZ,2019,55
Mozambique,MOZ,2020,47
Mozambique,MOZ,2021,38
Mozambique,MOZ,2022,38
Mozambique,MOZ,2023,44
Mozambique,MOZ,2024,44
Myanmar,MMR,2008,57
Myanmar,MMR,2009,65
Myanmar,MMR,2010,75
Myanmar,MMR,2011,80
Myanmar,MMR,2012,76
Myanmar,MMR,2013,80
Myanmar,MMR,2014,82
Myanmar,MMR,2015,78
Myanmar,MMR,2016,86
Myanmar,MMR,2017,80
Myanmar,MMR,2018,87
Myanmar,MMR,2019,80
Myanmar,MMR,2020,90
Myanmar,MMR,2021,42
Myanmar,MMR,2022,64
Myanmar,MMR,2023,66
Myanmar,MMR,2024,68
Namibia,NAM,2017,32
Namibia,NAM,2018,50
Namibia,NAM,2019,56
Namibia,NAM,2020,63
Namibia,NAM,2021,56
Namibia,NAM,2022,79
Namibia,NAM,2023,62
Namibia,NAM,2024,66
Nauru,NRU,2001,95
Nauru,NRU,2002,83
Nauru,NRU,2003,72
Nauru,NRU,2004,60
Nauru,NRU,2005,50
Nauru,NRU,2006,97
Nauru,NRU,2007,99
Nauru,NRU,2008,99
Nauru,NRU,2009,92
Nauru,NRU,2010,99
Nauru,NRU,2011,99
Nauru,NRU,2012,81
Nauru,NRU,2013,88
Nauru,NRU,2014,94
Nauru,NRU,2015,96
Nauru,NRU,2016,97
Nauru,NRU,2017,94
Nauru,NRU,2018,94
Nauru,NRU,2019,95
Nauru,NRU,2020,97
Nauru,NRU,2021,99
Nauru,NRU,2022,99
Nauru,NRU,2023,99
Nauru,NRU,2024,99
Nepal,NPL,2016,25
Nepal,NPL,2017,59
Nepal,NPL,2018,69
Nepal,NPL,2019,76
Nepal,NPL,2020,74
Nepal,NPL,2021,87
Nepal,NPL,2022,87
Nepal,NPL,2023,89
Nepal,NPL,2024,93
Netherlands,NLD,2002,96
Netherlands,NLD,2003,98
Netherlands,NLD,2004,98
Netherlands,NLD,2005,93
Netherlands,NLD,2006,92
Netherlands,NLD,2007,92
Netherlands,NLD,2008,93
Netherlands,NLD,2009,93
Netherlands,NLD,2010,92
Netherlands,NLD,2011,93
Netherlands,NLD,2012,93
Netherlands,NLD,2013,92
Netherlands,NLD,2014,93
Netherlands,NLD,2015,92
Netherlands,NLD,2016,91
Netherlands,NLD,2017,90
Netherlands,NLD,2018,89
Netherlands,NLD,2019,90
Netherlands,NLD,2020,89
Netherlands,NLD,2021,90
Netherlands,NLD,2022,85
Netherlands,NLD,2023,81
Netherlands,NLD,2024,81
New Zealand,NZL,2011,86
New Zealand,NZL,2012,85
New Zealand,NZL,2013,86
New Zealand,NZL,2014,86
New Zealand,NZL,2015,87
New Zealand,NZL,2016,89
New Zealand,NZL,2017,90
New Zealand,NZL,2018,90
New Zealand,NZL,2019,90
New Zealand,NZL,2020,91
New Zealand,NZL,2021,82
New Zealand,NZL,2022,83
New Zealand,NZL,2023,84
New Zealand,NZL,2024,87
Niger,NER,2014,3
Niger,NER,2015,16
Niger,NER,2016,31
Niger,NER,2017,46
Niger,NER,2018,48
Niger,NER,2019,58
Niger,NER,2020,60
Niger,NER,2021,66
Niger,NER,2022,42
Niger,NER,2023,68
Niger,NER,2024,77
Nigeria,NGA,2019,9
Nigeria,NGA,2020,38
Nigeria,NGA,2021,34
Nigeria,NGA,2022,30
Nigeria,NGA,2023,33
Nigeria,NGA,2024,35
Niue,NIU,2000,99
Niue,NIU,2001,99
Niue,NIU,2002,90
Niue,NIU,2003,86
Niue,NIU,2004,99
Niue,NIU,2005,70
Niue,NIU,2006,99
Niue,NIU,2007,99
Niue,NIU,2008,99
Niue,NIU,2009,99
Niue,NIU,2010,99
Niue,NIU,2011,98
Niue,NIU,2012,98
Niue,NIU,2013,99
Niue,NIU,2014,99
Niue,NIU,2015,99
Niue,NIU,2016,99
Niue,NIU,2017,99
Niue,NIU,2018,99
Niue,NIU,2019,99
Niue,NIU,2020,99
Niue,NIU,2021,99
Niue,NIU,2022,99
Niue,NIU,2023,99
Niue,NIU,2024,99
North Korea,PRK,2008,75
North Korea,PRK,2009,75
North Korea,PRK,2010,76
North Korea,PRK,2011,76
North Korea,PRK,2012,76
North Korea,PRK,2013,76
North Korea,PRK,2014,76
North Korea,PRK,2015,85
North Korea,PRK,2016,98
North Korea,PRK,2017,98
North Korea,PRK,2018,99
North Korea,PRK,2019,98
North Korea,PRK,2020,99
North Korea,PRK,2021,99
North Korea,PRK,2022,99
North Korea,PRK,2023,99
North Korea,PRK,2024,99
North Macedonia,MKD,2000,95
North Macedonia,MKD,2001,94
North Macedonia,MKD,2002,95
North Macedonia,MKD,2003,97
North Macedonia,MKD,2004,95
North Macedonia,MKD,2005,95
North Macedonia,MKD,2006,96
North Macedonia,MKD,2007,95
North Macedonia,MKD,2008,95
North Macedonia,MKD,2009,97
North Macedonia,MKD,2010,99
North Macedonia,MKD,2011,98
North Macedonia,MKD,2012,96
North Macedonia,MKD,2013,96
North Macedonia,MKD,2014,96
North Macedonia,MKD,2015,93
North Macedonia,MKD,2016,93
North Macedonia,MKD,2017,97
North Macedonia,MKD,2018,94
North Macedonia,MKD,2019,94
North Macedonia,MKD,2020,68
North Macedonia,MKD,2021,80
North Macedonia,MKD,2022,89
North Macedonia,MKD,2023,88
North Macedonia,MKD,2024,79
Norway,NOR,2000,90
Norway,NOR,2001,90
Norway,NOR,2002,90
Norway,NOR,2003,89
Norway,NOR,2004,90
Norway,NOR,2005,91
Norway,NOR,2006,91
Norway,NOR,2007,93
Norway,NOR,2008,95
Norway,NOR,2009,96
Norway,NOR,2010,97
Norway,NOR,2011,94
Norway,NOR,2012,91
Norway,NOR,2013,91
Norway,NOR,2014,92
Norway,NOR,2015,91
Norway,NOR,2016,91
Norway,NOR,2017,91
Norway,NOR,2018,93
Norway,NOR,2019,95
Norway,NOR,2020,95
Norway,NOR,2021,95
Norway,NOR,2022,94
Norway,NOR,2023,94
Norway,NOR,2024,94
Oman,OMN,2000,99
Oman,OMN,2001,99
Oman,OMN,2002,98
Oman,OMN,2003,98
Oman,OMN,2004,98
Oman,OMN,2005,97
Oman,OMN,2006,97
Oman,OMN,2007,95
Oman,OMN,2008,98
Oman,OMN,2009,99
Oman,OMN,2010,99
Oman,OMN,2011,99
Oman,OMN,2012,99
Oman,OMN,2013,99
Oman,OMN,2014,99
Oman,OMN,2015,98
Oman,OMN,2016,99
Oman,OMN,2017,99
Oman,OMN,2018,99
Oman,OMN,2019,99
Oman,OMN,2020,99
Oman,OMN,2021,99
Oman,OMN,2022,98
Oman,OMN,2023,99
Oman,OMN,2024,99
Pakistan,PAK,2009,30
Pakistan,PAK,2010,34
Pakistan,PAK,2011,38
Pakistan,PAK,2012,42
Pakistan,PAK,2013,43
Pakistan,PAK,2014,48
Pakistan,PAK,2015,54
Pakistan,PAK,2016,67
Pakistan,PAK,2017,67
Pakistan,PAK,2018,67
Pakistan,PAK,2019,74
Pakistan,PAK,2020,77
Pakistan,PAK,2021,79
Pakistan,PAK,2022,79
Pakistan,PAK,2023,80
Pakistan,PAK,2024,82
Palau,PLW,2000,75
Palau,PLW,2001,83
Palau,PLW,2002,90
Palau,PLW,2003,94
Palau,PLW,2004,98
Palau,PLW,2005,95
Palau,PLW,2006,98
Palau,PLW,2007,83
Palau,PLW,2008,77
Palau,PLW,2009,79
Palau,PLW,2010,39
Palau,PLW,2011,83
Palau,PLW,2012,86
Palau,PLW,2013,98
Palau,PLW,2014,81
Palau,PLW,2015,82
Palau,PLW,2016,95
Palau,PLW,2017,77
Palau,PLW,2018,75
Palau,PLW,2019,88
Palau,PLW,2020,83
Palau,PLW,2021,84
Palau,PLW,2022,85
Palau,PLW,2023,89
Palau,PLW,2024,88
Palestine,PSE,2000,95
Palestine,PSE,2001,94
Palestine,PSE,2002,93
Palestine,PSE,2003,94
Palestine,PSE,2004,94
Palestine,PSE,2005,97
Palestine,PSE,2006,92
Palestine,PSE,2007,87
Palestine,PSE,2008,99
Palestine,PSE,2009,97
Palestine,PSE,2010,94
Palestine,PSE,2011,95
Palestine,PSE,2012,97
Palestine,PSE,2013,98
Palestine,PSE,2014,99
Palestine,PSE,2015,99
Palestine,PSE,2016,99
Palestine,PSE,2017,99
Palestine,PSE,2018,99
Palestine,PSE,2019,99
Palestine,PSE,2020,99
Palestine,PSE,2021,99
Palestine,PSE,2022,93
Palestine,PSE,2023,89
Palestine,PSE,2024,89
Panama,PAN,2000,88
Panama,PAN,2001,88
Panama,PAN,2002,88
Panama,PAN,2003,89
Panama,PAN,2004,89
Panama,PAN,2005,89
Panama,PAN,2006,86
Panama,PAN,2007,83
Panama,PAN,2008,79
Panama,PAN,2009,76
Panama,PAN,2010,73
Panama,PAN,2011,81
Panama,PAN,2012,72
Panama,PAN,2013,68
Panama,PAN,2014,90
Panama,PAN,2015,92
Panama,PAN,2016,93
Panama,PAN,2017,93
Panama,PAN,2018,99
Panama,PAN,2019,97
Panama,PAN,2020,74
Panama,PAN,2021,75
Panama,PAN,2022,75
Panama,PAN,2023,77
Panama,PAN,2024,82
Papua New Guinea,PNG,2019,20
Papua New Guinea,PNG,2020,27
Papua New Guinea,PNG,2021,20
Papua New Guinea,PNG,2022,25
Papua New Guinea,PNG,2023,41
Papua New Guinea,PNG,2024,26
Paraguay,PRY,2005,31
Paraguay,PRY,2006,61
Paraguay,PRY,2007,74
Paraguay,PRY,2008,84
Paraguay,PRY,2009,77
Paraguay,PRY,2010,77
Paraguay,PRY,2011,78
Paraguay,PRY,2012,75
Paraguay,PRY,2013,76
Paraguay,PRY,2014,76
Paraguay,PRY,2015,72
Paraguay,PRY,2016,87
Paraguay,PRY,2017,82
Paraguay,PRY,2018,83
Paraguay,PRY,2019,83
Paraguay,PRY,2020,72
Paraguay,PRY,2021,67
Paraguay,PRY,2022,53
Paraguay,PRY,2023,57
Paraguay,PRY,2024,69
Peru,PER,2007,9
Peru,PER,2008,17
Peru,PER,2009,42
Peru,PER,2010,56
Peru,PER,2011,70
Peru,PER,2012,63
Peru,PER,2013,54
Peru,PER,2014,44
Peru,PER,2015,63
Peru,PER,2016,68
Peru,PER,2017,67
Peru,PER,2018,67
Peru,PER,2019,66
Peru,PER,2020,52
Peru,PER,2021,60
Peru,PER,2022,54
Peru,PER,2023,66
Peru,PER,2024,76
Philippines,PHL,2009,19
Philippines,PHL,2010,10
Philippines,PHL,2011,36
Philippines,PHL,2012,42
Philippines,PHL,2013,54
Philippines,PHL,2014,54
Philippines,PHL,2015,57
Philippines,PHL,2016,62
Philippines,PHL,2017,64
Philippines,PHL,2018,65
Philippines,PHL,2019,67
Philippines,PHL,2020,68
Philippines,PHL,2021,55
Philippines,PHL,2022,64
Philippines,PHL,2023,69
Philippines,PHL,2024,71
Poland,POL,2000,96
Poland,POL,2001,96
Poland,POL,2002,97
Poland,POL,2003,97
Poland,POL,2004,96
Poland,POL,2005,90
Poland,POL,2006,99
Poland,POL,2007,98
Poland,POL,2008,97
Poland,POL,2009,95
Poland,POL,2010,94
Poland,POL,2011,95
Poland,POL,2012,95
Poland,POL,2013,93
Poland,POL,2014,95
Poland,POL,2015,94
Poland,POL,2016,93
Poland,POL,2017,93
Poland,POL,2018,92
Poland,POL,2019,91
Poland,POL,2020,86
Poland,POL,2021,86
Poland,POL,2022,86
Poland,POL,2023,79
Poland,POL,2024,82
Portugal,PRT,2000,48
Portugal,PRT,2001,56
Portugal,PRT,2002,64
Portugal,PRT,2003,72
Portugal,PRT,2004,79
Portugal,PRT,2005,87
Portugal,PRT,2006,95
Portugal,PRT,2007,95
Portugal,PRT,2008,95
Portugal,PRT,2009,95
Portugal,PRT,2010,95
Portugal,PRT,2011,96
Portugal,PRT,2012,96
Portugal,PRT,2013,96
Portugal,PRT,2014,96
Portugal,PRT,2015,95
Portugal,PRT,2016,95
Portugal,PRT,2017,95
Portugal,PRT,2018,96
Portugal,PRT,2019,96
Portugal,PRT,2020,95
Portugal,PRT,2021,95
Portugal,PRT,2022,96
Portugal,PRT,2023,95
Portugal,PRT,2024,96
Qatar,QAT,2002,91
Qatar,QAT,2003,91
Qatar,QAT,2004,95
Qatar,QAT,2005,98
Qatar,QAT,2006,87
Qatar,QAT,2007,91
Qatar,QAT,2008,95
Qatar,QAT,2009,99
Qatar,QAT,2010,98
Qatar,QAT,2011,99
Qatar,QAT,2012,99
Qatar,QAT,2013,99
Qatar,QAT,2014,95
Qatar,QAT,2015,91
Qatar,QAT,2016,92
Qatar,QAT,2017,93
Qatar,QAT,2018,95
Qatar,QAT,2019,98
Qatar,QAT,2020,88
Qatar,QAT,2021,99
Qatar,QAT,2022,99
Qatar,QAT,2023,99
Qatar,QAT,2024,99
Romania,ROU,2000,96
Romania,ROU,2001,97
Romania,ROU,2002,97
Romania,ROU,2003,97
Romania,ROU,2004,96
Romania,ROU,2005,96
Romania,ROU,2006,96
Romania,ROU,2007,96
Romania,ROU,2008,95
Romania,ROU,2009,94
Romania,ROU,2010,93
Romania,ROU,2011,91
Romania,ROU,2012,90
Romania,ROU,2013,88
Romania,ROU,2014,84
Romania,ROU,2015,80
Romania,ROU,2016,76
Romania,ROU,2017,75
Romania,ROU,2018,81
Romania,ROU,2019,76
Romania,ROU,2020,75
Romania,ROU,2021,75
Romania,ROU,2022,71
Romania,ROU,2023,62
Romania,ROU,2024,62
Russia,RUS,2000,86
Russia,RUS,2001,88
Russia,RUS,2002,93
Russia,RUS,2003,96
Russia,RUS,2004,97
Russia,RUS,2005,97
Russia,RUS,2006,97
Russia,RUS,2007,97
Russia,RUS,2008,97
Russia,RUS,2009,97
Russia,RUS,2010,98
Russia,RUS,2011,97
Russia,RUS,2012,97
Russia,RUS,2013,97
Russia,RUS,2014,97
Russia,RUS,2015,97
Russia,RUS,2016,97
Russia,RUS,2017,97
Russia,RUS,2018,97
Russia,RUS,2019,97
Russia,RUS,2020,96
Russia,RUS,2021,96
Russia,RUS,2022,97
Russia,RUS,2023,95
Russia,RUS,2024,93
Rwanda,RWA,2015,87
Rwanda,RWA,2016,90
Rwanda,RWA,2017,95
Rwanda,RWA,2018,96
Rwanda,RWA,2019,92
Rwanda,RWA,2020,91
Rwanda,RWA,2021,85
Rwanda,RWA,2022,91
Rwanda,RWA,2023,88
Rwanda,RWA,2024,93
Saint Kitts and Nevis,KNA,2000,99
Saint Kitts and Nevis,KNA,2001,99
Saint Kitts and Nevis,KNA,2002,99
Saint Kitts and Nevis,KNA,2003,98
Saint Kitts and Nevis,KNA,2004,98
Saint Kitts and Nevis,KNA,2005,97
Saint Kitts and Nevis,KNA,2006,96
Saint Kitts and Nevis,KNA,2007,95
Saint Kitts and Nevis,KNA,2008,94
Saint Kitts and Nevis,KNA,2009,99
Saint Kitts and Nevis,KNA,2010,99
Saint Kitts and Nevis,KNA,2011,99
Saint Kitts and Nevis,KNA,2012,90
Saint Kitts and Nevis,KNA,2013,94
Saint Kitts and Nevis,KNA,2014,90
Saint Kitts and Nevis,KNA,2015,90
Saint Kitts and Nevis,KNA,2016,96
Saint Kitts and Nevis,KNA,2017,95
Saint Kitts and Nevis,KNA,2018,96
Saint Kitts and Nevis,KNA,2019,98
Saint Kitts and Nevis,KNA,2020,99
Saint Kitts and Nevis,KNA,2021,94
Saint Kitts and Nevis,KNA,2022,93
Saint Kitts and Nevis,KNA,2023,94
Saint Kitts and Nevis,KNA,2024,97
Saint Lucia,LCA,2000,89
Saint Lucia,LCA,2001,73
Saint Lucia,LCA,2002,71
Saint Lucia,LCA,2003,69
Saint Lucia,LCA,2004,67
Saint Lucia,LCA,2005,56
Saint Lucia,LCA,2006,45
Saint Lucia,LCA,2007,33
Saint Lucia,LCA,2008,22
Saint Lucia,LCA,2009,63
Saint Lucia,LCA,2010,74
Saint Lucia,LCA,2011,72
Saint Lucia,LCA,2012,80
Saint Lucia,LCA,2013,62
Saint Lucia,LCA,2014,79
Saint Lucia,LCA,2015,95
Saint Lucia,LCA,2016,88
Saint Lucia,LCA,2017,73
Saint Lucia,LCA,2018,68
Saint Lucia,LCA,2019,75
Saint Lucia,LCA,2020,71
Saint Lucia,LCA,2021,66
Saint Lucia,LCA,2022,63
Saint Lucia,LCA,2023,83
Saint Lucia,LCA,2024,67
Saint Vincent and the Grenadines,VCT,2001,99
Saint Vincent and the Grenadines,VCT,2002,99
Saint Vincent and the Grenadines,VCT,2003,86
Saint Vincent and the Grenadines,VCT,2004,73
Saint Vincent and the Grenadines,VCT,2005,93
Saint Vincent and the Grenadines,VCT,2006,88
Saint Vincent and the Grenadines,VCT,2007,83
Saint Vincent and the Grenadines,VCT,2008,94
Saint Vincent and the Grenadines,VCT,2009,94
Saint Vincent and the Grenadines,VCT,2010,89
Saint Vincent and the Grenadines,VCT,2011,91
Saint Vincent and the Grenadines,VCT,2012,92
Saint Vincent and the Grenadines,VCT,2013,96
Saint Vincent and the Grenadines,VCT,2014,98
Saint Vincent and the Grenadines,VCT,2015,99
Saint Vincent and the Grenadines,VCT,2016,99
Saint Vincent and the Grenadines,VCT,2017,99
Saint Vincent and the Grenadines,VCT,2018,99
Saint Vincent and the Grenadines,VCT,2019,99
Saint Vincent and the Grenadines,VCT,2020,99
Saint Vincent and the Grenadines,VCT,2021,94
Saint Vincent and the Grenadines,VCT,2022,99
Saint Vincent and the Grenadines,VCT,2023,92
Saint Vincent and the Grenadines,VCT,2024,99
Samoa,WSM,2002,84
Samoa,WSM,2003,65
Samoa,WSM,2004,45
Samoa,WSM,2005,26
Samoa,WSM,2006,6
Samoa,WSM,2007,36
Samoa,WSM,2008,46
Samoa,WSM,2009,14
Samoa,WSM,2010,30
Samoa,WSM,2011,50
Samoa,WSM,2012,52
Samoa,WSM,2013,74
Samoa,WSM,2014,68
Samoa,WSM,2015,55
Samoa,WSM,2016,54
Samoa,WSM,2017,54
Samoa,WSM,2018,28
Samoa,WSM,2019,59
Samoa,WSM,2020,59
Samoa,WSM,2021,50
Samoa,WSM,2022,45
Samoa,WSM,2023,75
Samoa,WSM,2024,60
San Marino,SMR,2003,94
San Marino,SMR,2004,94
San Marino,SMR,2005,94
San Marino,SMR,2006,94
San Marino,SMR,2007,94
San Marino,SMR,2008,92
San Marino,SMR,2009,92
San Marino,SMR,2010,90
San Marino,SMR,2011,92
San Marino,SMR,2012,89
San Marino,SMR,2013,85
San Marino,SMR,2014,86
San Marino,SMR,2015,86
San Marino,SMR,2016,81
San Marino,SMR,2017,78
San Marino,SMR,2018,84
San Marino,SMR,2019,79
San Marino,SMR,2020,79
San Marino,SMR,2021,81
San Marino,SMR,2022,85
San Marino,SMR,2023,79
San Marino,SMR,2024,81
Sao Tome and Principe,STP,2014,71
Sao Tome and Principe,STP,2015,76
Sao Tome and Principe,STP,2016,76
Sao Tome and Principe,STP,2017,76
Sao Tome and Principe,STP,2018,76
Sao Tome and Principe,STP,2019,81
Sao Tome and Principe,STP,2020,75
Sao Tome and Principe,STP,2021,69
Sao Tome and Principe,STP,2022,80
Sao Tome and Principe,STP,2023,87
Sao Tome and Principe,STP,2024,87
Saudi Arabia,SAU,2001,96
Saudi Arabia,SAU,2002,96
Saudi Arabia,SAU,2003,97
Saudi Arabia,SAU,2004,97
Saudi Arabia,SAU,2005,97
Saudi Arabia,SAU,2006,97
Saudi Arabia,SAU,2007,98
Saudi Arabia,SAU,2008,98
Saudi Arabia,SAU,2009,98
Saudi Arabia,SAU,2010,98
Saudi Arabia,SAU,2011,97
Saudi Arabia,SAU,2012,98
Saudi Arabia,SAU,2013,99
Saudi Arabia,SAU,2014,98
Saudi Arabia,SAU,2015,96
Saudi Arabia,SAU,2016,96
Saudi Arabia,SAU,2017,96
Saudi Arabia,SAU,2018,97
Saudi Arabia,SAU,2019,96
Saudi Arabia,SAU,2020,96
Saudi Arabia,SAU,2021,97
Saudi Arabia,SAU,2022,98
Saudi Arabia,SAU,2023,96
Saudi Arabia,SAU,2024,96
Senegal,SEN,2014,13
Senegal,SEN,2015,54
Senegal,SEN,2016,57
Senegal,SEN,2017,59
Senegal,SEN,2018,62
Senegal,SEN,2019,63
Senegal,SEN,2020,63
Senegal,SEN,2021,64
Senegal,SEN,2022,69
Senegal,SEN,2023,74
Senegal,SEN,2024,79
Serbia,SRB,2000,78
Serbia,SRB,2001,74
Serbia,SRB,2002,75
Serbia,SRB,2003,96
Serbia,SRB,2004,96
Serbia,SRB,2005,98
Serbia,SRB,2006,90
Serbia,SRB,2007,96
Serbia,SRB,2008,97
Serbia,SRB,2009,87
Serbia,SRB,2010,91
Serbia,SRB,2011,90
Serbia,SRB,2012,90
Serbia,SRB,2013,82
Serbia,SRB,2014,91
Serbia,SRB,2015,87
Serbia,SRB,2016,90
Serbia,SRB,2017,91
Serbia,SRB,2018,90
Serbia,SRB,2019,91
Serbia,SRB,2020,84
Serbia,SRB,2021,86
Serbia,SRB,2022,89
Serbia,SRB,2023,91
Serbia,SRB,2024,91
Seychelles,SYC,2001,98
Seychelles,SYC,2002,99
Seychelles,SYC,2003,99
Seychelles,SYC,2004,99
Seychelles,SYC,2005,99
Seychelles,SYC,2006,99
Seychelles,SYC,2007,99
Seychelles,SYC,2008,98
Seychelles,SYC,2009,99
Seychelles,SYC,2010,98
Seychelles,SYC,2011,99
Seychelles,SYC,2012,99
Seychelles,SYC,2013,97
Seychelles,SYC,2014,98
Seychelles,SYC,2015,98
Seychelles,SYC,2016,99
Seychelles,SYC,2017,99
Seychelles,SYC,2018,97
Seychelles,SYC,2019,99
Seychelles,SYC,2020,99
Seychelles,SYC,2021,86
Seychelles,SYC,2022,98
Seychelles,SYC,2023,89
Seychelles,SYC,2024,88
Sierra Leone,SLE,2015,60
Sierra Leone,SLE,2016,50
Sierra Leone,SLE,2017,55
Sierra Leone,SLE,2018,64
Sierra Leone,SLE,2019,72
Sierra Leone,SLE,2020,67
Sierra Leone,SLE,2021,67
Sierra Leone,SLE,2022,73
Sierra Leone,SLE,2023,73
Sierra Leone,SLE,2024,73
Singapore,SGP,2000,98
Singapore,SGP,2001,96
Singapore,SGP,2002,96
Singapore,SGP,2003,96
Singapore,SGP,2004,96
Singapore,SGP,2005,95
Singapore,SGP,2006,96
Singapore,SGP,2007,96
Singapore,SGP,2008,96
Singapore,SGP,2009,96
Singapore,SGP,2010,96
Singapore,SGP,2011,96
Singapore,SGP,2012,95
Singapore,SGP,2013,90
Singapore,SGP,2014,90
Singapore,SGP,2015,90
Singapore,SGP,2016,88
Singapore,SGP,2017,90
Singapore,SGP,2018,91
Singapore,SGP,2019,92
Singapore,SGP,2020,94
Singapore,SGP,2021,93
Singapore,SGP,2022,92
Singapore,SGP,2023,92
Singapore,SGP,2024,93
Slovakia,SVK,2000,99
Slovakia,SVK,2001,99
Slovakia,SVK,2002,99
Slovakia,SVK,2003,99
Slovakia,SVK,2004,98
Slovakia,SVK,2005,98
Slovakia,SVK,2006,99
Slovakia,SVK,2007,98
Slovakia,SVK,2008,99
Slovakia,SVK,2009,99
Slovakia,SVK,2010,99
Slovakia,SVK,2011,99
Slovakia,SVK,2012,99
Slovakia,SVK,2013,99
Slovakia,SVK,2014,98
Slovakia,SVK,2015,98
Slovakia,SVK,2016,97
Slovakia,SVK,2017,97
Slovakia,SVK,2018,97
Slovakia,SVK,2019,98
Slovakia,SVK,2020,98
Slovakia,SVK,2021,96
Slovakia,SVK,2022,96
Slovakia,SVK,2023,95
Slovakia,SVK,2024,94
Slovenia,SVN,2000,98
Slovenia,SVN,2001,98
Slovenia,SVN,2002,98
Slovenia,SVN,2003,98
Slovenia,SVN,2004,99
Slovenia,SVN,2005,99
Slovenia,SVN,2006,99
Slovenia,SVN,2007,98
Slovenia,SVN,2008,98
Slovenia,SVN,2009,98
Slovenia,SVN,2010,96
Slovenia,SVN,2011,96
Slovenia,SVN,2012,96
Slovenia,SVN,2013,95
Slovenia,SVN,2014,94
Slovenia,SVN,2015,96
Slovenia,SVN,2016,93
Slovenia,SVN,2017,94
Slovenia,SVN,2018,94
Slovenia,SVN,2019,94
Slovenia,SVN,2020,91
Slovenia,SVN,2021,91
Slovenia,SVN,2022,92
Slovenia,SVN,2023,89
Slovenia,SVN,2024,89
Solomon Islands,SLB,2018,54
Solomon Islands,SLB,2019,54
Solomon Islands,SLB,2020,51
Solomon Islands,SLB,2021,40
Solomon Islands,SLB,2022,90
Solomon Islands,SLB,2023,48
Solomon Islands,SLB,2024,66
Somalia,SOM,2021,3
Somalia,SOM,2022,6
Somalia,SOM,2023,18
Somalia,SOM,2024,32
South Africa,ZAF,2000,62
South Africa,ZAF,2001,54
South Africa,ZAF,2002,46
South Africa,ZAF,2003,52
South Africa,ZAF,2004,51
South Africa,ZAF,2005,48
South Africa,ZAF,2006,53
South Africa,ZAF,2007,49
South Africa,ZAF,2008,54
South Africa,ZAF,2009,63
South Africa,ZAF,2010,55
South Africa,ZAF,2011,54
South Africa,ZAF,2012,53
South Africa,ZAF,2013,50
South Africa,ZAF,2014,55
South Africa,ZAF,2015,59
South Africa,ZAF,2016,69
South Africa,ZAF,2017,78
South Africa,ZAF,2018,75
South Africa,ZAF,2019,79
South Africa,ZAF,2020,76
South Africa,ZAF,2021,82
South Africa,ZAF,2022,87
South Africa,ZAF,2023,84
South Africa,ZAF,2024,82
South Asia (UNICEF),,2000,0
South Asia (UNICEF),,2001,0
South Asia (UNICEF),,2002,1
South Asia (UNICEF),,2003,1
South Asia (UNICEF),,2004,1
South Asia (UNICEF),,2005,1
South Asia (UNICEF),,2006,1
South Asia (UNICEF),,2007,1
South Asia (UNICEF),,2008,2
South Asia (UNICEF),,2009,6
South Asia (UNICEF),,2010,7
South Asia (UNICEF),,2011,27
South Asia (UNICEF),,2012,37
South Asia (UNICEF),,2013,52
South Asia (UNICEF),,2014,59
South Asia (UNICEF),,2015,67
South Asia (UNICEF),,2016,74
South Asia (UNICEF),,2017,77
South Asia (UNICEF),,2018,79
South Asia (UNICEF),,2019,81
South Asia (UNICEF),,2020,80
South Asia (UNICEF),,2021,81
South Asia (UNICEF),,2022,87
South Asia (UNICEF),,2023,87
South Asia (UNICEF),,2024,88
South Korea,KOR,2000,39
South Korea,KOR,2001,67
South Korea,KOR,2002,95
South Korea,KOR,2003,95
South Korea,KOR,2004,99
South Korea,KOR,2005,99
South Korea,KOR,2006,99
South Korea,KOR,2007,99
South Korea,KOR,2008,99
South Korea,KOR,2009,99
South Korea,KOR,2010,98
South Korea,KOR,2011,98
South Korea,KOR,2012,97
South Korea,KOR,2013,95
South Korea,KOR,2014,96
South Korea,KOR,2015,97
South Korea,KOR,2016,97
South Korea,KOR,2017,97
South Korea,KOR,2018,97
South Korea,KOR,2019,96
South Korea,KOR,2020,95
South Korea,KOR,2021,95
South Korea,KOR,2022,95
South Korea,KOR,2023,96
South Korea,KOR,2024,96
South-East Asia (WHO),,2000,3
South-East Asia (WHO),,2001,3
South-East Asia (WHO),,2002,3
South-East Asia (WHO),,2003,6
South-East Asia (WHO),,2004,7
South-East Asia (WHO),,2005,6
South-East Asia (WHO),,2006,9
South-East Asia (WHO),,2007,12
South-East Asia (WHO),,2008,13
South-East Asia (WHO),,2009,14
South-East Asia (WHO),,2010,15
South-East Asia (WHO),,2011,34
South-East Asia (WHO),,2012,44
South-East Asia (WHO),,2013,58
South-East Asia (WHO),,2014,59
South-East Asia (WHO),,2015,66
South-East Asia (WHO),,2016,75
South-East Asia (WHO),,2017,79
South-East Asia (WHO),,2018,81
South-East Asia (WHO),,2019,83
South-East Asia (WHO),,2020,80
South-East Asia (WHO),,2021,79
South-East Asia (WHO),,2022,87
South-East Asia (WHO),,2023,87
South-East Asia (WHO),,2024,90
Spain,ESP,2004,91
Spain,ESP,2005,92
Spain,ESP,2006,94
Spain,ESP,2007,95
Spain,ESP,2008,94
Spain,ESP,2009,90
Spain,ESP,2010,92
Spain,ESP,2011,91
Spain,ESP,2012,90
Spain,ESP,2013,91
Spain,ESP,2014,93
Spain,ESP,2015,95
Spain,ESP,2016,95
Spain,ESP,2017,93
Spain,ESP,2018,94
Spain,ESP,2019,94
Spain,ESP,2020,94
Spain,ESP,2021,92
Spain,ESP,2022,94
Spain,ESP,2023,92
Spain,ESP,2024,92
Sri Lanka,LKA,2001,52
Sri Lanka,LKA,2002,92
Sri Lanka,LKA,2003,90
Sri Lanka,LKA,2004,95
Sri Lanka,LKA,2005,99
Sri Lanka,LKA,2006,98
Sri Lanka,LKA,2007,97
Sri Lanka,LKA,2008,97
Sri Lanka,LKA,2009,97
Sri Lanka,LKA,2010,99
Sri Lanka,LKA,2011,99
Sri Lanka,LKA,2012,99
Sri Lanka,LKA,2013,99
Sri Lanka,LKA,2014,99
Sri Lanka,LKA,2015,99
Sri Lanka,LKA,2016,99
Sri Lanka,LKA,2017,99
Sri Lanka,LKA,2018,99
Sri Lanka,LKA,2019,99
Sri Lanka,LKA,2020,96
Sri Lanka,LKA,2021,97
Sri Lanka,LKA,2022,98
Sri Lanka,LKA,2023,99
Sri Lanka,LKA,2024,98
Sudan,SDN,2012,24
Sudan,SDN,2013,57
Sudan,SDN,2014,61
Sudan,SDN,2015,69
Sudan,SDN,2016,69
Sudan,SDN,2017,72
Sudan,SDN,2018,72
Sudan,SDN,2019,74
Sudan,SDN,2020,68
Sudan,SDN,2021,63
Sudan,SDN,2022,63
Sudan,SDN,2023,38
Sudan,SDN,2024,36
Suriname,SUR,2013,15
Suriname,SUR,2014,15
Suriname,SUR,2015,21
Suriname,SUR,2016,34
Suriname,SUR,2017,32
Suriname,SUR,2018,31
Suriname,SUR,2019,32
Suriname,SUR,2020,24
Suriname,SUR,2021,43
Suriname,SUR,2022,51
Suriname,SUR,2023,52
Suriname,SUR,2024,52
Sweden,SWE,2000,94
Sweden,SWE,2001,94
Sweden,SWE,2002,94
Sweden,SWE,2003,95
Sweden,SWE,2004,95
Sweden,SWE,2005,95
Sweden,SWE,2006,95
Sweden,SWE,2007,95
Sweden,SWE,2008,94
Sweden,SWE,2009,95
Sweden,SWE,2010,94
Sweden,SWE,2011,95
Sweden,SWE,2012,95
Sweden,SWE,2013,95
Sweden,SWE,2014,95
Sweden,SWE,2015,95
Sweden,SWE,2016,95
Sweden,SWE,2017,95
Sweden,SWE,2018,94
Sweden,SWE,2019,93
Sweden,SWE,2020,92
Sweden,SWE,2021,91
Sweden,SWE,2022,91
Sweden,SWE,2023,92
Sweden,SWE,2024,92
Switzerland,CHE,2005,71
Switzerland,CHE,2006,71
Switzerland,CHE,2007,71
Switzerland,CHE,2008,83
Switzerland,CHE,2009,83
Switzerland,CHE,2010,83
Switzerland,CHE,2011,86
Switzerland,CHE,2012,86
Switzerland,CHE,2013,86
Switzerland,CHE,2014,87
Switzerland,CHE,2015,87
Switzerland,CHE,2016,87
Switzerland,CHE,2017,90
Switzerland,CHE,2018,90
Switzerland,CHE,2019,90
Switzerland,CHE,2020,93
Switzerland,CHE,2021,94
Switzerland,CHE,2022,94
Switzerland,CHE,2023,91
Switzerland,CHE,2024,93
Syria,SYR,2000,80
Syria,SYR,2001,83
Syria,SYR,2002,84
Syria,SYR,2003,83
Syria,SYR,2004,82
Syria,SYR,2005,81
Syria,SYR,2006,81
Syria,SYR,2007,81
Syria,SYR,2008,81
Syria,SYR,2009,82
Syria,SYR,2010,82
Syria,SYR,2011,76
Syria,SYR,2012,64
Syria,SYR,2013,62
Syria,SYR,2014,60
Syria,SYR,2015,58
Syria,SYR,2016,63
Syria,SYR,2017,70
Syria,SYR,2018,65
Syria,SYR,2019,65
Syria,SYR,2020,64
Syria,SYR,2021,64
Syria,SYR,2022,49
Syria,SYR,2023,64
Syria,SYR,2024,75
Tajikistan,TJK,2000,59
Tajikistan,TJK,2001,72
Tajikistan,TJK,2002,93
Tajikistan,TJK,2003,94
Tajikistan,TJK,2004,98
Tajikistan,TJK,2005,92
Tajikistan,TJK,2006,96
Tajikistan,TJK,2007,90
Tajikistan,TJK,2008,87
Tajikistan,TJK,2009,93
Tajikistan,TJK,2010,95
Tajikistan,TJK,2011,96
Tajikistan,TJK,2012,97
Tajikistan,TJK,2013,97
Tajikistan,TJK,2014,98
Tajikistan,TJK,2015,94
Tajikistan,TJK,2016,97
Tajikistan,TJK,2017,98
Tajikistan,TJK,2018,97
Tajikistan,TJK,2019,97
Tajikistan,TJK,2020,97
Tajikistan,TJK,2021,96
Tajikistan,TJK,2022,97
Tajikistan,TJK,2023,96
Tajikistan,TJK,2024,97
Tanzania,TZA,2014,29
Tanzania,TZA,2015,53
Tanzania,TZA,2016,63
Tanzania,TZA,2017,67
Tanzania,TZA,2018,68
Tanzania,TZA,2019,70
Tanzania,TZA,2020,64
Tanzania,TZA,2021,60
Tanzania,TZA,2022,74
Tanzania,TZA,2023,74
Tanzania,TZA,2024,74
Thailand,THA,2000,99
Thailand,THA,2001,86
Thailand,THA,2002,89
Thailand,THA,2003,92
Thailand,THA,2004,95
Thailand,THA,2005,95
Thailand,THA,2006,94
Thailand,THA,2007,94
Thailand,THA,2008,91
Thailand,THA,2009,91
Thailand,THA,2010,91
Thailand,THA,2011,91
Thailand,THA,2012,91
Thailand,THA,2013,94
Thailand,THA,2014,94
Thailand,THA,2015,95
Thailand,THA,2016,95
Thailand,THA,2017,95
Thailand,THA,2018,87
Thailand,THA,2019,87
Thailand,THA,2020,87
Thailand,THA,2021,87
Thailand,THA,2022,87
Thailand,THA,2023,87
Thailand,THA,2024,87
Togo,TGO,2019,59
Togo,TGO,2020,55
Togo,TGO,2021,59
Togo,TGO,2022,66
Togo,TGO,2023,67
Togo,TGO,2024,69
Tonga,TON,2003,96
Tonga,TON,2004,99
Tonga,TON,2005,98
Tonga,TON,2006,99
Tonga,TON,2007,99
Tonga,TON,2008,98
Tonga,TON,2009,98
Tonga,TON,2010,98
Tonga,TON,2011,99
Tonga,TON,2012,95
Tonga,TON,2013,99
Tonga,TON,2014,92
Tonga,TON,2015,99
Tonga,TON,2016,99
Tonga,TON,2017,99
Tonga,TON,2018,99
Tonga,TON,2019,99
Tonga,TON,2020,99
Tonga,TON,2021,99
Tonga,TON,2022,99
Tonga,TON,2023,99
Tonga,TON,2024,99
Trinidad and Tobago,TTO,2001,80
Trinidad and Tobago,TTO,2002,77
Trinidad and Tobago,TTO,2003,73
Trinidad and Tobago,TTO,2004,78
Trinidad and Tobago,TTO,2005,84
Trinidad and Tobago,TTO,2006,78
Trinidad and Tobago,TTO,2007,87
Trinidad and Tobago,TTO,2008,81
Trinidad and Tobago,TTO,2009,80
Trinidad and Tobago,TTO,2010,82
Trinidad and Tobago,TTO,2011,83
Trinidad and Tobago,TTO,2012,85
Trinidad and Tobago,TTO,2013,86
Trinidad and Tobago,TTO,2014,93
Trinidad and Tobago,TTO,2015,79
Trinidad and Tobago,TTO,2016,65
Trinidad and Tobago,TTO,2017,90
Trinidad and Tobago,TTO,2018,92
Trinidad and Tobago,TTO,2019,92
Trinidad and Tobago,TTO,2020,90
Trinidad and Tobago,TTO,2021,88
Trinidad and Tobago,TTO,2022,92
Trinidad and Tobago,TTO,2023,91
Trinidad and Tobago,TTO,2024,89
Tunisia,TUN,2000,98
Tunisia,TUN,2001,99
Tunisia,TUN,2002,98
Tunisia,TUN,2003,99
Tunisia,TUN,2004,99
Tunisia,TUN,2005,99
Tunisia,TUN,2006,98
Tunisia,TUN,2007,98
Tunisia,TUN,2008,99
Tunisia,TUN,2009,97
Tunisia,TUN,2010,98
Tunisia,TUN,2011,96
Tunisia,TUN,2012,96
Tunisia,TUN,2013,98
Tunisia,TUN,2014,95
Tunisia,TUN,2015,98
Tunisia,TUN,2016,97
Tunisia,TUN,2017,97
Tunisia,TUN,2018,99
Tunisia,TUN,2019,97
Tunisia,TUN,2020,96
Tunisia,TUN,2021,98
Tunisia,TUN,2022,98
Tunisia,TUN,2023,97
Tunisia,TUN,2024,97
Turkey,TUR,2001,91
Turkey,TUR,2002,83
Turkey,TUR,2003,97
Turkey,TUR,2004,97
Turkey,TUR,2005,98
Turkey,TUR,2006,84
Turkey,TUR,2007,94
Turkey,TUR,2008,92
Turkey,TUR,2009,88
Turkey,TUR,2010,91
Turkey,TUR,2011,86
Turkey,TUR,2012,85
Turkey,TUR,2013,98
Turkey,TUR,2014,88
Turkey,TUR,2015,86
Turkey,TUR,2016,85
Turkey,TUR,2017,86
Turkey,TUR,2018,87
Turkey,TUR,2019,88
Turkey,TUR,2020,93
Turkey,TUR,2021,93
Turkey,TUR,2022,94
Turkey,TUR,2023,94
Turkey,TUR,2024,94
Turkmenistan,TKM,2000,92
Turkmenistan,TKM,2001,94
Turkmenistan,TKM,2002,87
Turkmenistan,TKM,2003,89
Turkmenistan,TKM,2004,90
Turkmenistan,TKM,2005,98
Turkmenistan,TKM,2006,99
Turkmenistan,TKM,2007,98
Turkmenistan,TKM,2008,99
Turkmenistan,TKM,2009,99
Turkmenistan,TKM,2010,99
Turkmenistan,TKM,2011,99
Turkmenistan,TKM,2012,99
Turkmenistan,TKM,2013,99
Turkmenistan,TKM,2014,99
Turkmenistan,TKM,2015,99
Turkmenistan,TKM,2016,99
Turkmenistan,TKM,2017,99
Turkmenistan,TKM,2018,99
Turkmenistan,TKM,2019,99
Turkmenistan,TKM,2020,99
Turkmenistan,TKM,2021,98
Turkmenistan,TKM,2022,99
Turkmenistan,TKM,2023,99
Turkmenistan,TKM,2024,99
Tuvalu,TUV,2001,99
Tuvalu,TUV,2002,97
Tuvalu,TUV,2003,93
Tuvalu,TUV,2004,90
Tuvalu,TUV,2005,86
Tuvalu,TUV,2006,83
Tuvalu,TUV,2007,74
Tuvalu,TUV,2008,82
Tuvalu,TUV,2009,84
Tuvalu,TUV,2010,87
Tuvalu,TUV,2011,90
Tuvalu,TUV,2012,93
Tuvalu,TUV,2013,84
Tuvalu,TUV,2014,91
Tuvalu,TUV,2015,86
Tuvalu,TUV,2016,92
Tuvalu,TUV,2017,94
Tuvalu,TUV,2018,81
Tuvalu,TUV,2019,92
Tuvalu,TUV,2020,85
Tuvalu,TUV,2021,84
Tuvalu,TUV,2022,89
Tuvalu,TUV,2023,98
Tuvalu,TUV,2024,91
Uganda,UGA,2022,49
Uganda,UGA,2023,21
Uganda,UGA,2024,50
Ukraine,UKR,2000,99
Ukraine,UKR,2001,98
Ukraine,UKR,2002,98
Ukraine,UKR,2003,99
Ukraine,UKR,2004,97
Ukraine,UKR,2005,96
Ukraine,UKR,2006,98
Ukraine,UKR,2007,96
Ukraine,UKR,2008,95
Ukraine,UKR,2009,68
Ukraine,UKR,2010,41
Ukraine,UKR,2011,56
Ukraine,UKR,2012,54
Ukraine,UKR,2013,54
Ukraine,UKR,2014,57
Ukraine,UKR,2015,57
Ukraine,UKR,2016,31
Ukraine,UKR,2017,84
Ukraine,UKR,2018,90
Ukraine,UKR,2019,92
Ukraine,UKR,2020,82
Ukraine,UKR,2021,86
Ukraine,UKR,2022,69
Ukraine,UKR,2023,87
Ukraine,UKR,2024,83
United Arab Emirates,ARE,2000,92
United Arab Emirates,ARE,2001,92
United Arab Emirates,ARE,2002,92
United Arab Emirates,ARE,2003,92
United Arab Emirates,ARE,2004,92
United Arab Emirates,ARE,2005,94
United Arab Emirates,ARE,2006,93
United Arab Emirates,ARE,2007,93
United Arab Emirates,ARE,2008,92
United Arab Emirates,ARE,2009,93
United Arab Emirates,ARE,2010,94
United Arab Emirates,ARE,2011,95
United Arab Emirates,ARE,2012,96
United Arab Emirates,ARE,2013,98
United Arab Emirates,ARE,2014,99
United Arab Emirates,ARE,2015,99
United Arab Emirates,ARE,2016,98
United Arab Emirates,ARE,2017,97
United Arab Emirates,ARE,2018,95
United Arab Emirates,ARE,2019,94
United Arab Emirates,ARE,2020,92
United Arab Emirates,ARE,2021,96
United Arab Emirates,ARE,2022,91
United Arab Emirates,ARE,2023,94
United Arab Emirates,ARE,2024,92
United Kingdom,GBR,2000,76
United Kingdom,GBR,2001,74
United Kingdom,GBR,2002,74
United Kingdom,GBR,2003,77
United Kingdom,GBR,2004,76
United Kingdom,GBR,2005,75
United Kingdom,GBR,2006,75
United Kingdom,GBR,2007,74
United Kingdom,GBR,2008,75
United Kingdom,GBR,2009,79
United Kingdom,GBR,2010,84
United Kingdom,GBR,2011,85
United Kingdom,GBR,2012,87
United Kingdom,GBR,2013,88
United Kingdom,GBR,2014,89
United Kingdom,GBR,2015,89
United Kingdom,GBR,2016,89
United Kingdom,GBR,2017,88
United Kingdom,GBR,2018,88
United Kingdom,GBR,2019,87
United Kingdom,GBR,2020,87
United Kingdom,GBR,2021,87
United Kingdom,GBR,2022,87
United Kingdom,GBR,2023,85
United Kingdom,GBR,2024,85
United States,USA,2000,85
United States,USA,2001,86
United States,USA,2002,86
United States,USA,2003,86
United States,USA,2004,86
United States,USA,2005,86
United States,USA,2006,86
United States,USA,2007,86
United States,USA,2008,87
United States,USA,2009,88
United States,USA,2010,89
United States,USA,2011,90
United States,USA,2012,91
United States,USA,2013,91
United States,USA,2014,92
United States,USA,2015,93
United States,USA,2016,94
United States,USA,2017,94
United States,USA,2018,94
United States,USA,2019,95
United States,USA,2020,95
United States,USA,2021,95
United States,USA,2022,95
United States,USA,2023,95
United States,USA,2024,95
Upper-middle-income countries,,2000,28
Upper-middle-income countries,,2001,33
Upper-middle-income countries,,2002,31
Upper-middle-income countries,,2003,34
Upper-middle-income countries,,2004,35
Upper-middle-income countries,,2005,71
Upper-middle-income countries,,2006,78
Upper-middle-income countries,,2007,80
Upper-middle-income countries,,2008,82
Upper-middle-income countries,,2009,85
Upper-middle-income countries,,2010,85
Upper-middle-income countries,,2011,88
Upper-middle-income countries,,2012,87
Upper-middle-income countries,,2013,86
Upper-middle-income countries,,2014,83
Upper-middle-income countries,,2015,84
Upper-middle-income countries,,2016,87
Upper-middle-income countries,,2017,86
Upper-middle-income countries,,2018,89
Upper-middle-income countries,,2019,85
Upper-middle-income countries,,2020,84
Upper-middle-income countries,,2021,84
Upper-middle-income countries,,2022,86
Upper-middle-income countries,,2023,83
Upper-middle-income countries,,2024,85
Uruguay,URY,2013,92
Uruguay,URY,2014,93
Uruguay,URY,2015,93
Uruguay,URY,2016,92
Uruguay,URY,2017,92
Uruguay,URY,2018,91
Uruguay,URY,2019,99
Uruguay,URY,2020,91
Uruguay,URY,2021,82
Uruguay,URY,2022,92
Uruguay,URY,2023,90
Uruguay,URY,2024,95
Uzbekistan,UZB,2000,98
Uzbekistan,UZB,2001,98
Uzbekistan,UZB,2002,97
Uzbekistan,UZB,2003,98
Uzbekistan,UZB,2004,99
Uzbekistan,UZB,2005,81
Uzbekistan,UZB,2006,63
Uzbekistan,UZB,2007,44
Uzbekistan,UZB,2008,26
Uzbekistan,UZB,2009,8
Uzbekistan,UZB,2010,54
Uzbekistan,UZB,2011,99
Uzbekistan,UZB,2012,99
Uzbekistan,UZB,2013,99
Uzbekistan,UZB,2014,99
Uzbekistan,UZB,2015,99
Uzbekistan,UZB,2016,99
Uzbekistan,UZB,2017,99
Uzbekistan,UZB,2018,99
Uzbekistan,UZB,2019,99
Uzbekistan,UZB,2020,99
Uzbekistan,UZB,2021,99
Uzbekistan,UZB,2022,99
Uzbekistan,UZB,2023,99
Uzbekistan,UZB,2024,99
Vanuatu,VUT,2023,21
Vanuatu,VUT,2024,53
Venezuela,VEN,2009,6
Venezuela,VEN,2010,31
Venezuela,VEN,2011,26
Venezuela,VEN,2012,33
Venezuela,VEN,2013,38
Venezuela,VEN,2014,50
Venezuela,VEN,2015,52
Venezuela,VEN,2016,53
Venezuela,VEN,2017,59
Venezuela,VEN,2018,39
Venezuela,VEN,2019,13
Venezuela,VEN,2020,28
Venezuela,VEN,2021,37
Venezuela,VEN,2022,30
Venezuela,VEN,2023,39
Venezuela,VEN,2024,51
Vietnam,VNM,2007,18
Vietnam,VNM,2008,97
Vietnam,VNM,2009,96
Vietnam,VNM,2010,98
Vietnam,VNM,2011,93
Vietnam,VNM,2012,83
Vietnam,VNM,2013,86
Vietnam,VNM,2014,94
Vietnam,VNM,2015,92
Vietnam,VNM,2016,95
Vietnam,VNM,2017,93
Vietnam,VNM,2018,90
Vietnam,VNM,2019,92
Vietnam,VNM,2020,93
Vietnam,VNM,2021,85
Vietnam,VNM,2022,81
Vietnam,VNM,2023,86
Vietnam,VNM,2024,95
West and Central Africa (UNICEF),,2000,0
West and Central Africa (UNICEF),,2001,0
West and Central Africa (UNICEF),,2002,0
West and Central Africa (UNICEF),,2003,0
West and Central Africa (UNICEF),,2004,0
West and Central Africa (UNICEF),,2005,0
West and Central Africa (UNICEF),,2006,0
West and Central Africa (UNICEF),,2007,0
West and Central Africa (UNICEF),,2008,0
West and Central Africa (UNICEF),,2009,0
West and Central Africa (UNICEF),,2010,0
West and Central Africa (UNICEF),,2011,0
West and Central Africa (UNICEF),,2012,3
West and Central Africa (UNICEF),,2013,3
West and Central Africa (UNICEF),,2014,5
West and Central Africa (UNICEF),,2015,8
West and Central Africa (UNICEF),,2016,10
West and Central Africa (UNICEF),,2017,11
West and Central Africa (UNICEF),,2018,12
West and Central Africa (UNICEF),,2019,17
West and Central Africa (UNICEF),,2020,29
West and Central Africa (UNICEF),,2021,29
West and Central Africa (UNICEF),,2022,28
West and Central Africa (UNICEF),,2023,38
West and Central Africa (UNICEF),,2024,48
Western Pacific (WHO),,2000,2
Western Pacific (WHO),,2001,2
Western Pacific (WHO),,2002,3
Western Pacific (WHO),,2003,3
Western Pacific (WHO),,2004,4
Western Pacific (WHO),,2005,64
Western Pacific (WHO),,2006,71
Western Pacific (WHO),,2007,71
Western Pacific (WHO),,2008,82
Western Pacific (WHO),,2009,86
Western Pacific (WHO),,2010,87
Western Pacific (WHO),,2011,89
Western Pacific (WHO),,2012,90
Western Pacific (WHO),,2013,91
Western Pacific (WHO),,2014,92
Western Pacific (WHO),,2015,92
Western Pacific (WHO),,2016,93
Western Pacific (WHO),,2017,93
Western Pacific (WHO),,2018,93
Western Pacific (WHO),,2019,93
Western Pacific (WHO),,2020,93
Western Pacific (WHO),,2021,91
Western Pacific (WHO),,2022,92
Western Pacific (WHO),,2023,90
Western Pacific (WHO),,2024,90
World,OWID_WRL,2000,17
World,OWID_WRL,2001,19
World,OWID_WRL,2002,20
World,OWID_WRL,2003,20
World,OWID_WRL,2004,22
World,OWID_WRL,2005,32
World,OWID_WRL,2006,34
World,OWID_WRL,2007,35
World,OWID_WRL,2008,37
World,OWID_WRL,2009,40
World,OWID_WRL,2010,41
World,OWID_WRL,2011,48
World,OWID_WRL,2012,52
World,OWID_WRL,2013,56
World,OWID_WRL,2014,59
World,OWID_WRL,2015,63
World,OWID_WRL,2016,67
World,OWID_WRL,2017,68
World,OWID_WRL,2018,70
World,OWID_WRL,2019,71
World,OWID_WRL,2020,71
World,OWID_WRL,2021,71
World,OWID_WRL,2022,73
World,OWID_WRL,2023,74
World,OWID_WRL,2024,76
Yemen,YEM,2005,21
Yemen,YEM,2006,26
Yemen,YEM,2007,32
Yemen,YEM,2008,35
Yemen,YEM,2009,38
Yemen,YEM,2010,43
Yemen,YEM,2011,46
Yemen,YEM,2012,40
Yemen,YEM,2013,46
Yemen,YEM,2014,42
Yemen,YEM,2015,37
Yemen,YEM,2016,44
Yemen,YEM,2017,40
Yemen,YEM,2018,39
Yemen,YEM,2019,38
Yemen,YEM,2020,36
Yemen,YEM,2021,41
Yemen,YEM,2022,42
Yemen,YEM,2023,39
Yemen,YEM,2024,40
Zambia,ZMB,2014,33
Zambia,ZMB,2015,47
Zambia,ZMB,2016,58
Zambia,ZMB,2017,64
Zambia,ZMB,2018,66
Zambia,ZMB,2019,70
Zambia,ZMB,2020,69
Zambia,ZMB,2021,69
Zambia,ZMB,2022,70
Zambia,ZMB,2023,70
Zambia,ZMB,2024,77
Zimbabwe,ZWE,2016,63
Zimbabwe,ZWE,2017,78
Zimbabwe,ZWE,2018,78
Zimbabwe,ZWE,2019,75
Zimbabwe,ZWE,2020,74
Zimbabwe,ZWE,2021,76
Zimbabwe,ZWE,2022,77
Zimbabwe,ZWE,2023,77
Zimbabwe,ZWE,2024,78